#2,#3,#4,#17,#16
0,0,0,0,0
0,0,0,0,0
0,0,0,0,0
0,0,0,0,0
0,0,0,0,0
0,0,0,0,0
0,0,0,0,0
0,0,0,0,0
0,0,0,0,0
0,0,0,0,0
0,0,0,0,0
0,0,0,0,0
0,0,0,0,0
0,0,0,0,0
0,0,0,0,0
0,0,0,0,0
0,0,0,0,0
0,0,0,0,0
0,0,0,0,0
0,0,0,0,0
0,0,0,0,0
0,0,0,0,0
0,0,0,0,0
0,0,0,0,0
0,0,0,0,0
0,0,0,0,0
0,0,0,0,0
0,0,0,0,0
0,0,0,0,0
0,0,0,0,0
0,0,0,0,0
0,0,0,0,0
0,0,0,0,0
0,0,0,0,0
0,0,0,0,0
0,0,0,0,0
0,0,0,0,0
0,0,0,0,0
0,0,0,0,0
0,0,0,0,0
0,0,0,0,0
0,0,0,0,0
0,0,0,0,0
0,0,0,0,0
0,0,0,0,0
0,0,0,0,0
0,0,0,0,0
0,0,0,0,0
0,0,0,0,0
0,0,0,0,0
0,0,0,0,0
0,0,0,0,0
0,0,0,0,0
0,0,0,0,0
0,0,0,0,0
0,0,0,0,0
0,0,0,0,0
0,0,0,0,0
0,0,0,0,0
0,0,0,0,0
0,0,0,0,0
0,0,0,0,0
0,0,0,0,0
0,0,0,0,0
0,0,0,0,0
0,0,0,0,0
0,0,0,0,0
0,0,0,0,0
0,0,0,0,0
0,0,0,0,0
0,0,0,0,0
0,0,0,0,0
0,0,0,0,0
0,0,0,0,0
0,0,0,0,0
0,0,0,0,0
0,0,0,0,0
0,0,0,0,0
0,0,0,0,0
0,0,0,0,0
0,0,0,0,0
0,0,0,0,0
0,0,0,0,0
0,0,0,0,0
0,0,0,0,0
0,0,0,0,0
0,0,0,0,0
0,0,0,0,0
0,0,0,0,0
0,0,0,0,0
0,0,0,0,0
0,0,0,0,0
0,0,0,0,0
0,0,0,0,0
0,0,0,0,0
0,0,0,0,0
0,0,0,0,0
0,0,0,0,0
0,0,0,0,0
0,0,0,0,0
0,0,0,0,0
0,0,0,0,0
0,0,0,0,0
0,0,0,0,0
0,0,0,0,0
0,0,0,0,0
0,0,0,0,0
0,0,0,0,0
0,0,0,0,0
0,0,0,0,0
0,0,0,0,0
0,0,0,0,0
0,0,0,0,0
0,0,0,0,0
0,0,0,0,0
0,0,0,0,0
0,0,0,0,0
0,0,0,0,0
0,0,0,0,0
0,0,0,0,0
0,0,0,0,0
0,0,0,0,0
0,0,0,0,0
0,0,0,0,0
0,0,0,0,0
0,0,0,0,0
0,0,0,0,0
0,0,0,0,0
0,0,0,0,0
0,0,0,0,0
0,0,0,0,0
0,0,0,0,0
0,0,0,0,0
0,0,0,0,0
0,0,0,0,0
0,0,0,0,0
0,0,0,0,0
0,0,0,0,0
0,0,0,0,0
0,0,0,0,0
0,0,0,0,0
0,0,0,0,0
0,0,0,0,0
0,0,0,0,0
0,0,0,0,0
0,0,0,0,0
0,0,0,0,0
0,0,0,0,0
0,0,0,0,0
0,0,0,0,0
0,0,0,0,0
0,0,0,0,0
0,0,0,0,0
0,0,0,0,0
0,0,0,0,0
0,0,0,0,0
0,0,0,0,0
0,0,0,0,0
0,0,0,0,0
0,0,0,0,0
0,0,0,0,0
0,0,0,0,0
0,0,0,0,0
0,0,0,0,0
0,0,0,0,0
0,0,0,0,0
0,0,0,0,0
0,0,0,0,0
0,0,0,0,0
0,0,0,0,0
0,0,0,0,0
0,0,0,0,0
0,0,0,0,0
0,0,0,0,0
0,0,0,0,0
0,0,0,0,0
0,0,0,0,0
0,0,0,0,0
0,0,0,0,0
0,0,0,0,0
0,0,0,0,0
0,0,0,0,0
0,0,0,0,0
0,0,0,0,0
0,0,0,0,0
0,0,0,0,0
0,0,0,0,0
0,0,0,0,0
0,0,0,0,0
0,0,0,0,0
0,0,0,0,0
0,0,0,0,0
0,0,0,0,0
0,0,0,0,0
0,0,0,0,0
0,0,0,0,0
0,0,0,0,0
0,0,0,0,0
0,0,0,0,0
0,0,0,0,0
0,0,0,0,0
0,0,0,0,0
0,0,0,0,0
0,0,0,0,0
0,0,0,0,0
0,0,0,0,0
0,0,0,0,0
0,0,0,0,0
0,0,0,0,0
0,0,0,0,0
0,0,0,0,0
0,0,0,0,0
0,0,0,0,0
0,0,0,0,0
0,0,0,0,0
0,0,0,0,0
0,0,0,0,0
0,0,0,0,0
0,0,0,0,0
0,0,0,0,0
0,0,0,0,0
0,0,0,0,0
0,0,0,0,0
0,0,0,0,0
0,0,0,0,0
0,0,0,0,0
0,0,0,0,0
0,0,0,0,0
0,0,0,0,0
0,0,0,0,0
0,0,0,0,0
0,0,0,0,0
0,0,0,0,0
0,0,0,0,0
0,0,0,0,0
0,0,0,0,0
0,0,0,0,0
0,0,0,0,0
0,0,0,0,0
0,0,0,0,0
0,0,0,0,0
0,0,0,0,0
0,0,0,0,0
0,0,0,0,0
0,0,0,0,0
0,0,0,0,0
0,0,0,0,0
0,0,0,0,0
0,0,0,0,0
0,0,0,0,0
0,0,0,0,0
0,0,0,0,0
0,0,0,0,0
0,0,0,0,0
0,0,0,0,0
0,0,0,0,0
0,0,0,0,0
0,0,0,0,0
0,0,0,0,0
0,0,0,0,0
0,0,0,0,0
0,0,0,0,0
0,0,0,0,0
0,0,0,0,0
0,0,0,0,0
0,0,0,0,0
0,0,0,0,0
0,0,0,0,0
0,0,0,0,0
0,0,0,0,0
0,0,0,0,0
0,0,0,0,0
0,0,0,0,0
0,0,0,0,0
0,0,0,0,0
0,0,0,0,0
0,0,0,0,0
0,0,0,0,0
0,0,0,0,0
0,0,0,0,0
0,0,0,0,0
0,0,0,0,0
0,0,0,0,0
0,0,0,0,0
0,0,0,0,0
0,0,0,0,0
0,0,0,0,0
0,0,0,0,0
0,0,0,0,0
0,0,0,0,0
0,0,0,0,0
0,0,0,0,0
0,0,0,0,0
0,0,0,0,0
0,0,0,0,0
0,0,0,0,0
0,0,0,0,0
0,0,0,0,0
0,0,0,0,0
0,0,0,0,0
0,0,0,0,0
0,0,0,0,0
0,0,0,0,0
0,0,0,0,0
0,0,0,0,0
0,0,0,0,0
0,0,0,0,0
0,0,0,0,0
0,0,0,0,0
0,0,0,0,0
0,0,0,0,0
0,0,0,0,0
0,0,0,0,0
0,0,0,0,0
0,0,0,0,0
0,0,0,0,0
0,0,0,0,0
0,0,0,0,0
0,0,0,0,0
0,0,0,0,0
0,0,0,0,0
0,0,0,0,0
0,0,0,0,0
0,0,0,0,0
0,0,0,0,0
0,0,0,0,0
0,0,0,0,0
0,0,0,0,0
0,0,0,0,0
0,0,0,0,0
0,0,0,0,0
0,0,0,0,0
0,0,0,0,0
0,0,0,0,0
0,0,0,0,0
0,0,0,0,0
0,0,0,0,0
0,0,0,0,0
0,0,0,0,0
0,0,0,0,0
0,0,0,0,0
0,0,0,0,0
0,0,0,0,0
0,0,0,0,0
0,0,0,0,0
0,0,0,0,0
0,0,0,0,0
0,0,0,0,0
0,0,0,0,0
0,0,0,0,0
0,0,0,0,0
0,0,0,0,0
0,0,0,0,0
0,0,0,0,0
0,0,0,0,0
0,0,0,0,0
0,0,0,0,0
0,0,0,0,0
0,0,0,0,0
0,0,0,0,0
0,0,0,0,0
0,0,0,0,0
0,0,0,0,0
0,0,0,0,0
0,0,0,0,0
0,0,0,0,0
0,0,0,0,0
0,0,0,0,0
0,0,0,0,0
0,0,0,0,0
0,0,0,0,0
0,0,0,0,0
0,0,0,0,0
0,0,0,0,0
0,0,0,0,0
0,0,0,0,0
0,0,0,0,0
0,0,0,0,0
0,0,0,0,0
0,0,0,0,0
0,0,0,0,0
0,0,0,0,0
0,0,0,0,0
0,0,0,0,0
0,0,0,0,0
0,0,0,0,0
0,0,0,0,0
0,0,0,0,0
0,0,0,0,0
0,0,0,0,0
0,0,0,0,0
0,0,0,0,0
0,0,0,0,0
0,0,0,0,0
0,0,0,0,0
0,0,0,0,0
0,0,0,0,0
0,0,0,0,0
0,0,0,0,0
0,0,0,0,0
0,0,0,0,0
0,0,0,0,0
0,0,0,0,0
0,0,0,0,0
0,0,0,0,0
0,0,0,0,0
0,0,0,0,0
0,0,0,0,0
0,0,0,0,0
0,0,0,0,0
0,0,0,0,0
0,0,0,0,0
0,0,0,0,0
0,0,0,0,0
0,0,0,0,0
0,0,0,0,0
0,0,0,0,0
0,0,0,0,0
0,0,0,0,0
0,0,0,0,0
0,0,0,0,0
0,0,0,0,0
0,0,0,0,0
0,0,0,0,0
0,0,0,0,0
0,0,0,0,0
0,0,0,0,0
0,0,0,0,0
0,0,0,0,0
0,0,0,0,0
0,0,0,0,0
0,0,0,0,0
0,0,0,0,0
0,0,0,0,0
0,0,0,0,0
0,0,0,0,0
0,0,0,0,0
0,0,0,0,0
0,0,0,0,0
0,0,0,0,0
0,0,0,0,0
0,0,0,0,0
0,0,0,0,0
0,0,0,0,0
0,0,0,0,0
0,0,0,0,0
0,0,0,0,0
0,0,0,0,0
0,0,0,0,0
0,0,0,0,0
0,0,0,0,0
0,0,0,0,0
0,0,0,0,0
0,0,0,0,0
0,0,0,0,0
0,0,0,0,0
0,0,0,0,0
0,0,0,0,0
0,0,0,0,0
0,0,0,0,0
0,0,0,0,0
0,0,0,0,0
0,0,0,0,0
0,0,0,0,0
0,0,0,0,0
0,0,0,0,0
0,0,0,0,0
0,0,0,0,0
0,0,0,0,0
0,0,0,0,0
0,0,0,0,0
0,0,0,0,0
0,0,0,0,0
0,0,0,0,0
0,0,0,0,0
0,0,0,0,0
0,0,0,0,0
0,0,0,0,0
0,0,0,0,0
0,0,0,0,0
0,0,0,0,0
0,0,0,0,0
0,0,0,0,0
0,0,0,0,0
0,0,0,0,0
0,0,0,0,0
0,0,0,0,0
0,0,0,0,0
0,0,0,0,0
0,0,0,0,0
0,0,0,0,0
0,0,0,0,0
0,0,0,0,0
0,0,0,0,0
0,0,0,0,0
0,0,0,0,0
0,0,0,0,0
0,0,0,0,0
0,0,0,0,0
0,0,0,0,0
0,1,1,0,0
0,1,1,0,0
0,1,1,0,0
0,1,1,0,0
0,1,1,0,0
0,1,1,0,0
0,1,1,0,0
0,1,1,0,0
0,1,1,0,0
0,1,1,0,0
0,1,1,0,0
0,1,1,0,0
0,1,1,0,0
0,1,1,0,0
0,1,1,0,0
0,1,1,0,0
0,1,1,0,0
0,1,1,0,0
0,1,1,0,0
0,1,1,0,0
0,1,1,0,0
0,1,1,0,0
0,1,1,0,0
0,1,1,0,0
0,1,1,0,0
1,1,1,0,0
1,1,1,0,0
1,1,1,0,0
1,1,1,0,0
1,1,1,0,0
1,1,1,0,0
1,1,1,0,0
1,1,1,0,0
1,1,1,0,0
1,1,1,0,0
1,1,1,0,0
1,1,1,0,0
1,1,1,0,0
1,1,1,0,0
1,1,1,0,0
1,1,1,0,0
1,1,1,0,0
1,1,1,0,0
1,1,1,0,0
1,1,1,0,0
1,1,1,0,0
1,1,1,0,0
1,1,1,0,0
1,1,1,0,0
1,1,1,0,0
0,1,1,0,0
0,1,1,0,0
0,1,1,0,0
0,1,1,0,0
0,1,1,0,0
0,1,1,0,0
0,1,1,0,0
0,1,1,0,0
0,1,1,0,0
0,1,1,0,0
0,1,1,0,0
0,1,1,0,0
0,1,1,0,0
0,1,1,0,0
0,1,1,0,0
0,1,1,0,0
0,1,1,0,0
0,1,1,0,0
0,1,1,0,0
0,1,1,0,0
0,1,1,0,0
0,1,1,0,0
0,1,1,0,0
0,1,1,0,0
0,1,1,0,0
1,1,1,0,0
1,1,1,0,0
1,1,1,0,0
1,1,1,0,0
1,1,1,0,0
1,1,1,0,0
1,1,1,0,0
1,1,1,0,0
1,1,1,0,0
1,1,1,0,0
1,1,1,0,0
1,1,1,0,0
1,1,1,0,0
1,1,1,0,0
1,1,1,0,0
1,1,1,0,0
1,1,1,0,0
1,1,1,0,0
1,1,1,0,0
1,1,1,0,0
1,1,1,0,0
1,1,1,0,0
1,1,1,0,0
1,1,1,0,0
1,1,1,0,0
0,1,0,0,0
0,1,0,0,0
0,1,0,0,0
0,1,0,0,0
0,1,0,0,0
0,1,0,0,0
0,1,0,0,0
0,1,0,0,0
0,1,0,0,0
0,1,0,0,0
0,1,0,0,0
0,1,0,0,0
0,1,0,0,0
0,1,0,0,0
0,1,0,0,0
0,1,0,0,0
0,1,0,0,0
0,1,0,0,0
0,1,0,0,0
0,1,0,0,0
0,1,0,0,0
0,1,0,0,0
0,1,0,0,0
0,1,0,0,0
0,1,0,0,0
1,1,0,0,0
1,1,0,0,0
1,1,0,0,0
1,1,0,0,0
1,1,0,0,0
1,1,0,0,0
1,1,0,0,0
1,1,0,0,0
1,1,0,0,0
1,1,0,0,0
1,1,0,0,0
1,1,0,0,0
1,1,0,0,0
1,1,0,0,0
1,1,0,0,0
1,1,0,0,0
1,1,0,0,0
1,1,0,0,0
1,1,0,0,0
1,1,0,0,0
1,1,0,0,0
1,1,0,0,0
1,1,0,0,0
1,1,0,0,0
1,1,0,0,0
0,1,1,0,0
0,1,1,0,0
0,1,1,0,0
0,1,1,0,0
0,1,1,0,0
0,1,1,0,0
0,1,1,0,0
0,1,1,0,0
0,1,1,0,0
0,1,1,0,0
0,1,1,0,0
0,1,1,0,0
0,1,1,0,0
0,1,1,0,0
0,1,1,0,0
0,1,1,0,0
0,1,1,0,0
0,1,1,0,0
0,1,1,0,0
0,1,1,0,0
0,1,1,0,0
0,1,1,0,0
0,1,1,0,0
0,1,1,0,0
0,1,1,0,0
1,1,1,0,0
1,1,1,0,0
1,1,1,0,0
1,1,1,0,0
1,1,1,0,0
1,1,1,0,0
1,1,1,0,0
1,1,1,0,0
1,1,1,0,0
1,1,1,0,0
1,1,1,0,0
1,1,1,0,0
1,1,1,0,0
1,1,1,0,0
1,1,1,0,0
1,1,1,0,0
1,1,1,0,0
1,1,1,0,0
1,1,1,0,0
1,1,1,0,0
1,1,1,0,0
1,1,1,0,0
1,1,1,0,0
1,1,1,0,0
1,1,1,0,0
0,1,1,0,0
0,1,1,0,0
0,1,1,0,0
0,1,1,0,0
0,1,1,0,0
0,1,1,0,0
0,1,1,0,0
0,1,1,0,0
0,1,1,0,0
0,1,1,0,0
0,1,1,0,0
0,1,1,0,0
0,1,1,0,0
0,1,1,0,0
0,1,1,0,0
0,1,1,0,0
0,1,1,0,0
0,1,1,0,0
0,1,1,0,0
0,1,1,0,0
0,1,1,0,0
0,1,1,0,0
0,1,1,0,0
0,1,1,0,0
0,1,1,0,0
1,1,1,0,0
1,1,1,0,0
1,1,1,0,0
1,1,1,0,0
1,1,1,0,0
1,1,1,0,0
1,1,1,0,0
1,1,1,0,0
1,1,1,0,0
1,1,1,0,0
1,1,1,0,0
1,1,1,0,0
1,1,1,0,0
1,1,1,0,0
1,1,1,0,0
1,1,1,0,0
1,1,1,0,0
1,1,1,0,0
1,1,1,0,0
1,1,1,0,0
1,1,1,0,0
1,1,1,0,0
1,1,1,0,0
1,1,1,0,0
1,1,1,0,0
0,1,1,0,0
0,1,1,0,0
0,1,1,0,0
0,1,1,0,0
0,1,1,0,0
0,1,1,0,0
0,1,1,0,0
0,1,1,0,0
0,1,1,0,0
0,1,1,0,0
0,1,1,0,0
0,1,1,0,0
0,1,1,0,0
0,1,1,0,0
0,1,1,0,0
0,1,1,0,0
0,1,1,0,0
0,1,1,0,0
0,1,1,0,0
0,1,1,0,0
0,1,1,0,0
0,1,1,0,0
0,1,1,0,0
0,1,1,0,0
0,1,1,0,0
1,1,1,0,0
1,1,1,0,0
1,1,1,0,0
1,1,1,0,0
1,1,1,0,0
1,1,1,0,0
1,1,1,0,0
1,1,1,0,0
1,1,1,0,0
1,1,1,0,0
1,1,1,0,0
1,1,1,0,0
1,1,1,0,0
1,1,1,0,0
1,1,1,0,0
1,1,1,0,0
1,1,1,0,0
1,1,1,0,0
1,1,1,0,0
1,1,1,0,0
1,1,1,0,0
1,1,1,0,0
1,1,1,0,0
1,1,1,0,0
1,1,1,0,0
0,1,0,0,0
0,1,0,0,0
0,1,0,0,0
0,1,0,0,0
0,1,0,0,0
0,1,0,0,0
0,1,0,0,0
0,1,0,0,0
0,1,0,0,0
0,1,0,0,0
0,1,0,0,0
0,1,0,0,0
0,1,0,0,0
0,1,0,0,0
0,1,0,0,0
0,1,0,0,0
0,1,0,0,0
0,1,0,0,0
0,1,0,0,0
0,1,0,0,0
0,1,0,0,0
0,1,0,0,0
0,1,0,0,0
0,1,0,0,0
0,1,0,0,0
1,1,0,0,0
1,1,0,0,0
1,1,0,0,0
1,1,0,0,0
1,1,0,0,0
1,1,0,0,0
1,1,0,0,0
1,1,0,0,0
1,1,0,0,0
1,1,0,0,0
1,1,0,0,0
1,1,0,0,0
1,1,0,0,0
1,1,0,0,0
1,1,0,0,0
1,1,0,0,0
1,1,0,0,0
1,1,0,0,0
1,1,0,0,0
1,1,0,0,0
1,1,0,0,0
1,1,0,0,0
1,1,0,0,0
1,1,0,0,0
1,1,0,0,0
0,1,1,0,0
0,1,1,0,0
0,1,1,0,0
0,1,1,0,0
0,1,1,0,0
0,1,1,0,0
0,1,1,0,0
0,1,1,0,0
0,1,1,0,0
0,1,1,0,0
0,1,1,0,0
0,1,1,0,0
0,1,1,0,0
0,1,1,0,0
0,1,1,0,0
0,1,1,0,0
0,1,1,0,0
0,1,1,0,0
0,1,1,0,0
0,1,1,0,0
0,1,1,0,0
0,1,1,0,0
0,1,1,0,0
0,1,1,0,0
0,1,1,0,0
1,1,1,0,0
1,1,1,0,0
1,1,1,0,0
1,1,1,0,0
1,1,1,0,0
1,1,1,0,0
1,1,1,0,0
1,1,1,0,0
1,1,1,0,0
1,1,1,0,0
1,1,1,0,0
1,1,1,0,0
1,1,1,0,0
1,1,1,0,0
1,1,1,0,0
1,1,1,0,0
1,1,1,0,0
1,1,1,0,0
1,1,1,0,0
1,1,1,0,0
1,1,1,0,0
1,1,1,0,0
1,1,1,0,0
1,1,1,0,0
1,1,1,0,0
0,1,1,0,0
0,1,1,0,0
0,1,1,0,0
0,1,1,0,0
0,1,1,0,0
0,1,1,0,0
0,1,1,0,0
0,1,1,0,0
0,1,1,0,0
0,1,1,0,0
0,1,1,0,0
0,1,1,0,0
0,1,1,0,0
0,1,1,0,0
0,1,1,0,0
0,1,1,0,0
0,1,1,0,0
0,1,1,0,0
0,1,1,0,0
0,1,1,0,0
0,1,1,0,0
0,1,1,0,0
0,1,1,0,0
0,1,1,0,0
0,1,1,0,0
1,1,1,0,0
1,1,1,0,0
1,1,1,0,0
1,1,1,0,0
1,1,1,0,0
1,1,1,0,0
1,1,1,0,0
1,1,1,0,0
1,1,1,0,0
1,1,1,0,0
1,1,1,0,0
1,1,1,0,0
1,1,1,0,0
1,1,1,0,0
1,1,1,0,0
1,1,1,0,0
1,1,1,0,0
1,1,1,0,0
1,1,1,0,0
1,1,1,0,0
1,1,1,0,0
1,1,1,0,0
1,1,1,0,0
1,1,1,0,0
1,1,1,0,0
0,1,0,0,0
0,1,0,0,0
0,1,0,0,0
0,1,0,0,0
0,1,0,0,0
0,1,0,0,0
0,1,0,0,0
0,1,0,0,0
0,1,0,0,0
0,1,0,0,0
0,1,0,0,0
0,1,0,0,0
0,1,0,0,0
0,1,0,0,0
0,1,0,0,0
0,1,0,0,0
0,1,0,0,0
0,1,0,0,0
0,1,0,0,0
0,1,0,0,0
0,1,0,0,0
0,1,0,0,0
0,1,0,0,0
0,1,0,0,0
0,1,0,0,0
1,1,0,0,0
1,1,0,0,0
1,1,0,0,0
1,1,0,0,0
1,1,0,0,0
1,1,0,0,0
1,1,0,0,0
1,1,0,0,0
1,1,0,0,0
1,1,0,0,0
1,1,0,0,0
1,1,0,0,0
1,1,0,0,0
1,1,0,0,0
1,1,0,0,0
1,1,0,0,0
1,1,0,0,0
1,1,0,0,0
1,1,0,0,0
1,1,0,0,0
1,1,0,0,0
1,1,0,0,0
1,1,0,0,0
1,1,0,0,0
1,1,0,0,0
0,1,1,0,0
0,1,1,0,0
0,1,1,0,0
0,1,1,0,0
0,1,1,0,0
0,1,1,0,0
0,1,1,0,0
0,1,1,0,0
0,1,1,0,0
0,1,1,0,0
0,1,1,0,0
0,1,1,0,0
0,1,1,0,0
0,1,1,0,0
0,1,1,0,0
0,1,1,0,0
0,1,1,0,0
0,1,1,0,0
0,1,1,0,0
0,1,1,0,0
0,1,1,0,0
0,1,1,0,0
0,1,1,0,0
0,1,1,0,0
0,1,1,0,0
1,1,1,0,0
1,1,1,0,0
1,1,1,0,0
1,1,1,0,0
1,1,1,0,0
1,1,1,0,0
1,1,1,0,0
1,1,1,0,0
1,1,1,0,0
1,1,1,0,0
1,1,1,0,0
1,1,1,0,0
1,1,1,0,0
1,1,1,0,0
1,1,1,0,0
1,1,1,0,0
1,1,1,0,0
1,1,1,0,0
1,1,1,0,0
1,1,1,0,0
1,1,1,0,0
1,1,1,0,0
1,1,1,0,0
1,1,1,0,0
1,1,1,0,0
0,1,1,0,0
0,1,1,0,0
0,1,1,0,0
0,1,1,0,0
0,1,1,0,0
0,1,1,0,0
0,1,1,0,0
0,1,1,0,0
0,1,1,0,0
0,1,1,0,0
0,1,1,0,0
0,1,1,0,0
0,1,1,0,0
0,1,1,0,0
0,1,1,0,0
0,1,1,0,0
0,1,1,0,0
0,1,1,0,0
0,1,1,0,0
0,1,1,0,0
0,1,1,0,0
0,1,1,0,0
0,1,1,0,0
0,1,1,0,0
0,1,1,0,0
1,1,1,0,0
1,1,1,0,0
1,1,1,0,0
1,1,1,0,0
1,1,1,0,0
1,1,1,0,0
1,1,1,0,0
1,1,1,0,0
1,1,1,0,0
1,1,1,0,0
1,1,1,0,0
1,1,1,0,0
1,1,1,0,0
1,1,1,0,0
1,1,1,0,0
1,1,1,0,0
1,1,1,0,0
1,1,1,0,0
1,1,1,0,0
1,1,1,0,0
1,1,1,0,0
1,1,1,0,0
1,1,1,0,0
1,1,1,0,0
1,1,1,0,0
0,1,1,0,0
0,1,1,0,0
0,1,1,0,0
0,1,1,0,0
0,1,1,0,0
0,1,1,0,0
0,1,1,0,0
0,1,1,0,0
0,1,1,0,0
0,1,1,0,0
0,1,1,0,0
0,1,1,0,0
0,1,1,0,0
0,1,1,0,0
0,1,1,0,0
0,1,1,0,0
0,1,1,0,0
0,1,1,0,0
0,1,1,0,0
0,1,1,0,0
0,1,1,0,0
0,1,1,0,0
0,1,1,0,0
0,1,1,0,0
0,1,1,0,0
1,1,1,0,0
1,1,1,0,0
1,1,1,0,0
1,1,1,0,0
1,1,1,0,0
1,1,1,0,0
1,1,1,0,0
1,1,1,0,0
1,1,1,0,0
1,1,1,0,0
1,1,1,0,0
1,1,1,0,0
1,1,1,0,0
1,1,1,0,0
1,1,1,0,0
1,1,1,0,0
1,1,1,0,0
1,1,1,0,0
1,1,1,0,0
1,1,1,0,0
1,1,1,0,0
1,1,1,0,0
1,1,1,0,0
1,1,1,0,0
1,1,1,0,0
0,1,0,0,0
0,1,0,0,0
0,1,0,0,0
0,1,0,0,0
0,1,0,0,0
0,1,0,0,0
0,1,0,0,0
0,1,0,0,0
0,1,0,0,0
0,1,0,0,0
0,1,0,0,0
0,1,0,0,0
0,1,0,0,0
0,1,0,0,0
0,1,0,0,0
0,1,0,0,0
0,1,0,0,0
0,1,0,0,0
0,1,0,0,0
0,1,0,0,0
0,1,0,0,0
0,1,0,0,0
0,1,0,0,0
0,1,0,0,0
0,1,0,0,0
1,1,0,0,0
1,1,0,0,0
1,1,0,0,0
1,1,0,0,0
1,1,0,0,0
1,1,0,0,0
1,1,0,0,0
1,1,0,0,0
1,1,0,0,0
1,1,0,0,0
1,1,0,0,0
1,1,0,0,0
1,1,0,0,0
1,1,0,0,0
1,1,0,0,0
1,1,0,0,0
1,1,0,0,0
1,1,0,0,0
1,1,0,0,0
1,1,0,0,0
1,1,0,0,0
1,1,0,0,0
1,1,0,0,0
1,1,0,0,0
1,1,0,0,0
0,1,1,0,0
0,1,1,0,0
0,1,1,0,0
0,1,1,0,0
0,1,1,0,0
0,1,1,0,0
0,1,1,0,0
0,1,1,0,0
0,1,1,0,0
0,1,1,0,0
0,1,1,0,0
0,1,1,0,0
0,1,1,0,0
0,1,1,0,0
0,1,1,0,0
0,1,1,0,0
0,1,1,0,0
0,1,1,0,0
0,1,1,0,0
0,1,1,0,0
0,1,1,0,0
0,1,1,0,0
0,1,1,0,0
0,1,1,0,0
0,1,1,0,0
1,1,1,0,0
1,1,1,0,0
1,1,1,0,0
1,1,1,0,0
1,1,1,0,0
1,1,1,0,0
1,1,1,0,0
1,1,1,0,0
1,1,1,0,0
1,1,1,0,0
1,1,1,0,0
1,1,1,0,0
1,1,1,0,0
1,1,1,0,0
1,1,1,0,0
1,1,1,0,0
1,1,1,0,0
1,1,1,0,0
1,1,1,0,0
1,1,1,0,0
1,1,1,0,0
1,1,1,0,0
1,1,1,0,0
1,1,1,0,0
1,1,1,0,0
0,1,1,0,0
0,1,1,0,0
0,1,1,0,0
0,1,1,0,0
0,1,1,0,0
0,1,1,0,0
0,1,1,0,0
0,1,1,0,0
0,1,1,0,0
0,1,1,0,0
0,1,1,0,0
0,1,1,0,0
0,1,1,0,0
0,1,1,0,0
0,1,1,0,0
0,1,1,0,0
0,1,1,0,0
0,1,1,0,0
0,1,1,0,0
0,1,1,0,0
0,1,1,0,0
0,1,1,0,0
0,1,1,0,0
0,1,1,0,0
0,1,1,0,0
1,1,1,0,0
1,1,1,0,0
1,1,1,0,0
1,1,1,0,0
1,1,1,0,0
1,1,1,0,0
1,1,1,0,0
1,1,1,0,0
1,1,1,0,0
1,1,1,0,0
1,1,1,0,0
1,1,1,0,0
1,1,1,0,0
1,1,1,0,0
1,1,1,0,0
1,1,1,0,0
1,1,1,0,0
1,1,1,0,0
1,1,1,0,0
1,1,1,0,0
1,1,1,0,0
1,1,1,0,0
1,1,1,0,0
1,1,1,0,0
1,1,1,0,0
0,1,0,0,0
0,1,0,0,0
0,1,0,0,0
0,1,0,0,0
0,1,0,0,0
0,1,0,0,0
0,1,0,0,0
0,1,0,0,0
0,1,0,0,0
0,1,0,0,0
0,1,0,0,0
0,1,0,0,0
0,1,0,0,0
0,1,0,0,0
0,1,0,0,0
0,1,0,0,0
0,1,0,0,0
0,1,0,0,0
0,1,0,0,0
0,1,0,0,0
0,1,0,0,0
0,1,0,0,0
0,1,0,0,0
0,1,0,0,0
0,1,0,0,0
1,1,0,0,0
1,1,0,0,0
1,1,0,0,0
1,1,0,0,0
1,1,0,0,0
1,1,0,0,0
1,1,0,0,0
1,1,0,0,0
1,1,0,0,0
1,1,0,0,0
1,1,0,0,0
1,1,0,0,0
1,1,0,0,0
1,1,0,0,0
1,1,0,0,0
1,1,0,0,0
1,1,0,0,0
1,1,0,0,0
1,1,0,0,0
1,1,0,0,0
1,1,0,0,0
1,1,0,0,0
1,1,0,0,0
1,1,0,0,0
1,1,0,0,0
0,1,1,0,0
0,1,1,0,0
0,1,1,0,0
0,1,1,0,0
0,1,1,0,0
0,1,1,0,0
0,1,1,0,0
0,1,1,0,0
0,1,1,0,0
0,1,1,0,0
0,1,1,0,0
0,1,1,0,0
0,1,1,0,0
0,1,1,0,0
0,1,1,0,0
0,1,1,0,0
0,1,1,0,0
0,1,1,0,0
0,1,1,0,0
0,1,1,0,0
0,1,1,0,0
0,1,1,0,0
0,1,1,0,0
0,1,1,0,0
0,1,1,0,0
1,1,1,0,0
1,1,1,0,0
1,1,1,0,0
1,1,1,0,0
1,1,1,0,0
1,1,1,0,0
1,1,1,0,0
1,1,1,0,0
1,1,1,0,0
1,1,1,0,0
1,1,1,0,0
1,1,1,0,0
1,1,1,0,0
1,1,1,0,0
1,1,1,0,0
1,1,1,0,0
1,1,1,0,0
1,1,1,0,0
1,1,1,0,0
1,1,1,0,0
1,1,1,0,0
1,1,1,0,0
1,1,1,0,0
1,1,1,0,0
1,1,1,0,0
0,1,1,0,0
0,1,1,0,0
0,1,1,0,0
0,1,1,0,0
0,1,1,0,0
0,1,1,0,0
0,1,1,0,0
0,1,1,0,0
0,1,1,0,0
0,1,1,0,0
0,1,1,0,0
0,1,1,0,0
0,1,1,0,0
0,1,1,0,0
0,1,1,0,0
0,1,1,0,0
0,1,1,0,0
0,1,1,0,0
0,1,1,0,0
0,1,1,0,0
0,1,1,0,0
0,1,1,0,0
0,1,1,0,0
0,1,1,0,0
0,1,1,0,0
1,1,1,0,0
1,1,1,0,0
1,1,1,0,0
1,1,1,0,0
1,1,1,0,0
1,1,1,0,0
1,1,1,0,0
1,1,1,0,0
1,1,1,0,0
1,1,1,0,0
1,1,1,0,0
1,1,1,0,0
1,1,1,0,0
1,1,1,0,0
1,1,1,0,0
1,1,1,0,0
1,1,1,0,0
1,1,1,0,0
1,1,1,0,0
1,1,1,0,0
1,1,1,0,0
1,1,1,0,0
1,1,1,0,0
1,1,1,0,0
1,1,1,0,0
0,1,1,0,0
0,1,1,0,0
0,1,1,0,0
0,1,1,0,0
0,1,1,0,0
0,1,1,0,0
0,1,1,0,0
0,1,1,0,0
0,1,1,0,0
0,1,1,0,0
0,1,1,0,0
0,1,1,0,0
0,1,1,0,0
0,1,1,0,0
0,1,1,0,0
0,1,1,0,0
0,1,1,0,0
0,1,1,0,0
0,1,1,0,0
0,1,1,0,0
0,1,1,0,0
0,1,1,0,0
0,1,1,0,0
0,1,1,0,0
0,1,1,0,0
1,1,1,0,0
1,1,1,0,0
1,1,1,0,0
1,1,1,0,0
1,1,1,0,0
1,1,1,0,0
1,1,1,0,0
1,1,1,0,0
1,1,1,0,0
1,1,1,0,0
1,1,1,0,0
1,1,1,0,0
1,1,1,0,0
1,1,1,0,0
1,1,1,0,0
1,1,1,0,0
1,1,1,0,0
1,1,1,0,0
1,1,1,0,0
1,1,1,0,0
1,1,1,0,0
1,1,1,0,0
1,1,1,0,0
1,1,1,0,0
1,1,1,0,0
0,1,0,0,0
0,1,0,0,0
0,1,0,0,0
0,1,0,0,0
0,1,0,0,0
0,1,0,0,0
0,1,0,0,0
0,1,0,0,0
0,1,0,0,0
0,1,0,0,0
0,1,0,0,0
0,1,0,0,0
0,1,0,0,0
0,1,0,0,0
0,1,0,0,0
0,1,0,0,0
0,1,0,0,0
0,1,0,0,0
0,1,0,0,0
0,1,0,0,0
0,1,0,0,0
0,1,0,0,0
0,1,0,0,0
0,1,0,0,0
0,1,0,0,0
1,1,0,0,0
1,1,0,0,0
1,1,0,0,0
1,1,0,0,0
1,1,0,0,0
1,1,0,0,0
1,1,0,0,0
1,1,0,0,0
1,1,0,0,0
1,1,0,0,0
1,1,0,0,0
1,1,0,0,0
1,1,0,0,0
1,1,0,0,0
1,1,0,0,0
1,1,0,0,0
1,1,0,0,0
1,1,0,0,0
1,1,0,0,0
1,1,0,0,0
1,1,0,0,0
1,1,0,0,0
1,1,0,0,0
1,1,0,0,0
1,1,0,0,0
0,1,1,0,0
0,1,1,0,0
0,1,1,0,0
0,1,1,0,0
0,1,1,0,0
0,1,1,0,0
0,1,1,0,0
0,1,1,0,0
0,1,1,0,0
0,1,1,0,0
0,1,1,0,0
0,1,1,0,0
0,1,1,0,0
0,1,1,0,0
0,1,1,0,0
0,1,1,0,0
0,1,1,0,0
0,1,1,0,0
0,1,1,0,0
0,1,1,0,0
0,1,1,0,0
0,1,1,0,0
0,1,1,0,0
0,1,1,0,0
0,1,1,0,0
1,1,1,0,0
1,1,1,0,0
1,1,1,0,0
1,1,1,0,0
1,1,1,0,0
1,1,1,0,0
1,1,1,0,0
1,1,1,0,0
1,1,1,0,0
1,1,1,0,0
1,1,1,0,0
1,1,1,0,0
1,1,1,0,0
1,1,1,0,0
1,1,1,0,0
1,1,1,0,0
1,1,1,0,0
1,1,1,0,0
1,1,1,0,0
1,1,1,0,0
1,1,1,0,0
1,1,1,0,0
1,1,1,0,0
1,1,1,0,0
1,1,1,0,0
0,1,1,0,0
0,1,1,0,0
0,1,1,0,0
0,1,1,0,0
0,1,1,0,0
0,1,1,0,0
0,1,1,0,0
0,1,1,0,0
0,1,1,0,0
0,1,1,0,0
0,1,1,0,0
0,1,1,0,0
0,1,1,0,0
0,1,1,0,0
0,1,1,0,0
0,1,1,0,0
0,1,1,0,0
0,1,1,0,0
0,1,1,0,0
0,1,1,0,0
0,1,1,0,0
0,1,1,0,0
0,1,1,0,0
0,1,1,0,0
0,1,1,0,0
1,1,1,0,0
1,1,1,0,0
1,1,1,0,0
1,1,1,0,0
1,1,1,0,0
1,1,1,0,0
1,1,1,0,0
1,1,1,0,0
1,1,1,0,0
1,1,1,0,0
1,1,1,0,0
1,1,1,0,0
1,1,1,0,0
1,1,1,0,0
1,1,1,0,0
1,1,1,0,0
1,1,1,0,0
1,1,1,0,0
1,1,1,0,0
1,1,1,0,0
1,1,1,0,0
1,1,1,0,0
1,1,1,0,0
1,1,1,0,0
1,1,1,0,0
0,1,0,0,0
0,1,0,0,0
0,1,0,0,0
0,1,0,0,0
0,1,0,0,0
0,1,0,0,0
0,1,0,0,0
0,1,0,0,0
0,1,0,0,0
0,1,0,0,0
0,1,0,0,0
0,1,0,0,0
0,1,0,0,0
0,1,0,0,0
0,1,0,0,0
0,1,0,0,0
0,1,0,0,0
0,1,0,0,0
0,1,0,0,0
0,1,0,0,0
0,1,0,0,0
0,1,0,0,0
0,1,0,0,0
0,1,0,0,0
0,1,0,0,0
1,1,0,0,0
1,1,0,0,0
1,1,0,0,0
1,1,0,0,0
1,1,0,0,0
1,1,0,0,0
1,1,0,0,0
1,1,0,0,0
1,1,0,0,0
1,1,0,0,0
1,1,0,0,0
1,1,0,0,0
1,1,0,0,0
1,1,0,0,0
1,1,0,0,0
1,1,0,0,0
1,1,0,0,0
1,1,0,0,0
1,1,0,0,0
1,1,0,0,0
1,1,0,0,0
1,1,0,0,0
1,1,0,0,0
1,1,0,0,0
1,1,0,0,0
0,1,1,0,0
0,1,1,0,0
0,1,1,0,0
0,1,1,0,0
0,1,1,0,0
0,1,1,0,0
0,1,1,0,0
0,1,1,0,0
0,1,1,0,0
0,1,1,0,0
0,1,1,0,0
0,1,1,0,0
0,1,1,0,0
0,1,1,0,0
0,1,1,0,0
0,1,1,0,0
0,1,1,0,0
0,1,1,0,0
0,1,1,0,0
0,1,1,0,0
0,1,1,0,0
0,1,1,0,0
0,1,1,0,0
0,1,1,0,0
0,1,1,0,0
1,1,1,0,0
1,1,1,0,0
1,1,1,0,0
1,1,1,0,0
1,1,1,0,0
1,1,1,0,0
1,1,1,0,0
1,1,1,0,0
1,1,1,0,0
1,1,1,0,0
1,1,1,0,0
1,1,1,0,0
1,1,1,0,0
1,1,1,0,0
1,1,1,0,0
1,1,1,0,0
1,1,1,0,0
1,1,1,0,0
1,1,1,0,0
1,1,1,0,0
1,1,1,0,0
1,1,1,0,0
1,1,1,0,0
1,1,1,0,0
1,1,1,0,0
0,1,1,0,0
0,1,1,0,0
0,1,1,0,0
0,1,1,0,0
0,1,1,0,0
0,1,1,0,0
0,1,1,0,0
0,1,1,0,0
0,1,1,0,0
0,1,1,0,0
0,1,1,0,0
0,1,1,0,0
0,1,1,0,0
0,1,1,0,0
0,1,1,0,0
0,1,1,0,0
0,1,1,0,0
0,1,1,0,0
0,1,1,0,0
0,1,1,0,0
0,1,1,0,0
0,1,1,0,0
0,1,1,0,0
0,1,1,0,0
0,1,1,0,0
1,1,1,0,0
1,1,1,0,0
1,1,1,0,0
1,1,1,0,0
1,1,1,0,0
1,1,1,0,0
1,1,1,0,0
1,1,1,0,0
1,1,1,0,0
1,1,1,0,0
1,1,1,0,0
1,1,1,0,0
1,1,1,0,0
1,1,1,0,0
1,1,1,0,0
1,1,1,0,0
1,1,1,0,0
1,1,1,0,0
1,1,1,0,0
1,1,1,0,0
1,1,1,0,0
1,1,1,0,0
1,1,1,0,0
1,1,1,0,0
1,1,1,0,0
0,1,1,0,0
0,1,1,0,0
0,1,1,0,0
0,1,1,0,0
0,1,1,0,0
0,1,1,0,0
0,1,1,0,0
0,1,1,0,0
0,1,1,0,0
0,1,1,0,0
0,1,1,0,0
0,1,1,0,0
0,1,1,0,0
0,1,1,0,0
0,1,1,0,0
0,1,1,0,0
0,1,1,0,0
0,1,1,0,0
0,1,1,0,0
0,1,1,0,0
0,1,1,0,0
0,1,1,0,0
0,1,1,0,0
0,1,1,0,0
0,1,1,0,0
1,1,1,0,0
1,1,1,0,0
1,1,1,0,0
1,1,1,0,0
1,1,1,0,0
1,1,1,0,0
1,1,1,0,0
1,1,1,0,0
1,1,1,0,0
1,1,1,0,0
1,1,1,0,0
1,1,1,0,0
1,1,1,0,0
1,1,1,0,0
1,1,1,0,0
1,1,1,0,0
1,1,1,0,0
1,1,1,0,0
1,1,1,0,0
1,1,1,0,0
1,1,1,0,0
1,1,1,0,0
1,1,1,0,0
1,1,1,0,0
1,1,1,0,0
0,1,0,0,0
0,1,0,0,0
0,1,0,0,0
0,1,0,0,0
0,1,0,0,0
0,1,0,0,0
0,1,0,0,0
0,1,0,0,0
0,1,0,0,0
0,1,0,0,0
0,1,0,0,0
0,1,0,0,0
0,1,0,0,0
0,1,0,0,0
0,1,0,0,0
0,1,0,0,0
0,1,0,0,0
0,1,0,0,0
0,1,0,0,0
0,1,0,0,0
0,1,0,0,0
0,1,0,0,0
0,1,0,0,0
0,1,0,0,0
0,1,0,0,0
1,1,0,0,0
1,1,0,0,0
1,1,0,0,0
1,1,0,0,0
1,1,0,0,0
1,1,0,0,0
1,1,0,0,0
1,1,0,0,0
1,1,0,0,0
1,1,0,0,0
1,1,0,0,0
1,1,0,0,0
1,1,0,0,0
1,1,0,0,0
1,1,0,0,0
1,1,0,0,0
1,1,0,0,0
1,1,0,0,0
1,1,0,0,0
1,1,0,0,0
1,1,0,0,0
1,1,0,0,0
1,1,0,0,0
1,1,0,0,0
1,1,0,0,0
0,1,1,0,0
0,1,1,0,0
0,1,1,0,0
0,1,1,0,0
0,1,1,0,0
0,1,1,0,0
0,1,1,0,0
0,1,1,0,0
0,1,1,0,0
0,1,1,0,0
0,1,1,0,0
0,1,1,0,0
0,1,1,0,0
0,1,1,0,0
0,1,1,0,0
0,1,1,0,0
0,1,1,0,0
0,1,1,0,0
0,1,1,0,0
0,1,1,0,0
0,1,1,0,0
0,1,1,0,0
0,1,1,0,0
0,1,1,0,0
0,1,1,0,0
1,1,1,0,0
1,1,1,0,0
1,1,1,0,0
1,1,1,0,0
1,1,1,0,0
1,1,1,0,0
1,1,1,0,0
1,1,1,0,0
1,1,1,0,0
1,1,1,0,0
1,1,1,0,0
1,1,1,0,0
1,1,1,0,0
1,1,1,0,0
1,1,1,0,0
1,1,1,0,0
1,1,1,0,0
1,1,1,0,0
1,1,1,0,0
1,1,1,0,0
1,1,1,0,0
1,1,1,0,0
1,1,1,0,0
1,1,1,0,0
1,1,1,0,0
0,1,1,0,0
0,1,1,0,0
0,1,1,0,0
0,1,1,0,0
0,1,1,0,0
0,1,1,0,0
0,1,1,0,0
0,1,1,0,0
0,1,1,0,0
0,1,1,0,0
0,1,1,0,0
0,1,1,0,0
0,1,1,0,0
0,1,1,0,0
0,1,1,0,0
0,1,1,0,0
0,1,1,0,0
0,1,1,0,0
0,1,1,0,0
0,1,1,0,0
0,1,1,0,0
0,1,1,0,0
0,1,1,0,0
0,1,1,0,0
0,1,1,0,0
1,1,1,0,0
1,1,1,0,0
1,1,1,0,0
1,1,1,0,0
1,1,1,0,0
1,1,1,0,0
1,1,1,0,0
1,1,1,0,0
1,1,1,0,0
1,1,1,0,0
1,1,1,0,0
1,1,1,0,0
1,1,1,0,0
1,1,1,0,0
1,1,1,0,0
1,1,1,0,0
1,1,1,0,0
1,1,1,0,0
1,1,1,0,0
1,1,1,0,0
1,1,1,0,0
1,1,1,0,0
1,1,1,0,0
1,1,1,0,0
1,1,1,0,0
0,1,0,0,0
0,1,0,0,0
0,1,0,0,0
0,1,0,0,0
0,1,0,0,0
0,1,0,0,0
0,1,0,0,0
0,1,0,0,0
0,1,0,0,0
0,1,0,0,0
0,1,0,0,0
0,1,0,0,0
0,1,0,0,0
0,1,0,0,0
0,1,0,0,0
0,1,0,0,0
0,1,0,0,0
0,1,0,0,0
0,1,0,0,0
0,1,0,0,0
0,1,0,0,0
0,1,0,0,0
0,1,0,0,0
0,1,0,0,0
0,1,0,0,0
1,1,0,0,0
1,1,0,0,0
1,1,0,0,0
1,1,0,0,0
1,1,0,0,0
1,1,0,0,0
1,1,0,0,0
1,1,0,0,0
1,1,0,0,0
1,1,0,0,0
1,1,0,0,0
1,1,0,0,0
1,1,0,0,0
1,1,0,0,0
1,1,0,0,0
1,1,0,0,0
1,1,0,0,0
1,1,0,0,0
1,1,0,0,0
1,1,0,0,0
1,1,0,0,0
1,1,0,0,0
1,1,0,0,0
1,1,0,0,0
1,1,0,0,0
0,1,1,0,0
0,1,1,0,0
0,1,1,0,0
0,1,1,0,0
0,1,1,0,0
0,1,1,0,0
0,1,1,0,0
0,1,1,0,0
0,1,1,0,0
0,1,1,0,0
0,1,1,0,0
0,1,1,0,0
0,1,1,0,0
0,1,1,0,0
0,1,1,0,0
0,1,1,0,0
0,1,1,0,0
0,1,1,0,0
0,1,1,0,0
0,1,1,0,0
0,1,1,0,0
0,1,1,0,0
0,1,1,0,0
0,1,1,0,0
0,1,1,0,0
1,1,1,0,0
1,1,1,0,0
1,1,1,0,0
1,1,1,0,0
1,1,1,0,0
1,1,1,0,0
1,1,1,0,0
1,1,1,0,0
1,1,1,0,0
1,1,1,0,0
1,1,1,0,0
1,1,1,0,0
1,1,1,0,0
1,1,1,0,0
1,1,1,0,0
1,1,1,0,0
1,1,1,0,0
1,1,1,0,0
1,1,1,0,0
1,1,1,0,0
1,1,1,0,0
1,1,1,0,0
1,1,1,0,0
1,1,1,0,0
1,1,1,0,0
0,1,1,0,0
0,1,1,0,0
0,1,1,0,0
0,1,1,0,0
0,1,1,0,0
0,1,1,0,0
0,1,1,0,0
0,1,1,0,0
0,1,1,0,0
0,1,1,0,0
0,1,1,0,0
0,1,1,0,0
0,1,1,0,0
0,1,1,0,0
0,1,1,0,0
0,1,1,0,0
0,1,1,0,0
0,1,1,0,0
0,1,1,0,0
0,1,1,0,0
0,1,1,0,0
0,1,1,0,0
0,1,1,0,0
0,1,1,0,0
0,1,1,0,0
1,1,1,0,0
1,1,1,0,0
1,1,1,0,0
1,1,1,0,0
1,1,1,0,0
1,1,1,0,0
1,1,1,0,0
1,1,1,0,0
1,1,1,0,0
1,1,1,0,0
1,1,1,0,0
1,1,1,0,0
1,1,1,0,0
1,1,1,0,0
1,1,1,0,0
1,1,1,0,0
1,1,1,0,0
1,1,1,0,0
1,1,1,0,0
1,1,1,0,0
1,1,1,0,0
1,1,1,0,0
1,1,1,0,0
1,1,1,0,0
1,1,1,0,0
0,1,1,0,0
0,1,1,0,0
0,1,1,0,0
0,1,1,0,0
0,1,1,0,0
0,1,1,0,0
0,1,1,0,0
0,1,1,0,0
0,1,1,0,0
0,1,1,0,0
0,1,1,0,0
0,1,1,0,0
0,1,1,0,0
0,1,1,0,0
0,1,1,0,0
0,1,1,0,0
0,1,1,0,0
0,1,1,0,0
0,1,1,0,0
0,1,1,0,0
0,1,1,0,0
0,1,1,0,0
0,1,1,0,0
0,1,1,0,0
0,1,1,0,0
1,1,1,0,0
1,1,1,0,0
1,1,1,0,0
1,1,1,0,0
1,1,1,0,0
1,1,1,0,0
1,1,1,0,0
1,1,1,0,0
1,1,1,0,0
1,1,1,0,0
1,1,1,0,0
1,1,1,0,0
1,1,1,0,0
1,1,1,0,0
1,1,1,0,0
1,1,1,0,0
1,1,1,0,0
1,1,1,0,0
1,1,1,0,0
1,1,1,0,0
1,1,1,0,0
1,1,1,0,0
1,1,1,0,0
1,1,1,0,0
1,1,1,0,0
0,1,0,0,0
0,1,0,0,0
0,1,0,0,0
0,1,0,0,0
0,1,0,0,0
0,1,0,0,0
0,1,0,0,0
0,1,0,0,0
0,1,0,0,0
0,1,0,0,0
0,1,0,0,0
0,1,0,0,0
0,1,0,0,0
0,1,0,0,0
0,1,0,0,0
0,1,0,0,0
0,1,0,0,0
0,1,0,0,0
0,1,0,0,0
0,1,0,0,0
0,1,0,0,0
0,1,0,0,0
0,1,0,0,0
0,1,0,0,0
0,1,0,0,0
1,1,0,0,0
1,1,0,0,0
1,1,0,0,0
1,1,0,0,0
1,1,0,0,0
1,1,0,0,0
1,1,0,0,0
1,1,0,0,0
1,1,0,0,0
1,1,0,0,0
1,1,0,0,0
1,1,0,0,0
1,1,0,0,0
1,1,0,0,0
1,1,0,0,0
1,1,0,0,0
1,1,0,0,0
1,1,0,0,0
1,1,0,0,0
1,1,0,0,0
1,1,0,0,0
1,1,0,0,0
1,1,0,0,0
1,1,0,0,0
1,1,0,0,0
0,1,1,0,0
0,1,1,0,0
0,1,1,0,0
0,1,1,0,0
0,1,1,0,0
0,1,1,0,0
0,1,1,0,0
0,1,1,0,0
0,1,1,0,0
0,1,1,0,0
0,1,1,0,0
0,1,1,0,0
0,1,1,0,0
0,1,1,0,0
0,1,1,0,0
0,1,1,0,0
0,1,1,0,0
0,1,1,0,0
0,1,1,0,0
0,1,1,0,0
0,1,1,0,0
0,1,1,0,0
0,1,1,0,0
0,1,1,0,0
0,1,1,0,0
1,1,1,0,0
1,1,1,0,0
1,1,1,0,0
1,1,1,0,0
1,1,1,0,0
1,1,1,0,0
1,1,1,0,0
1,1,1,0,0
1,1,1,0,0
1,1,1,0,0
1,1,1,0,0
1,1,1,0,0
1,1,1,0,0
1,1,1,0,0
1,1,1,0,0
1,1,1,0,0
1,1,1,0,0
1,1,1,0,0
1,1,1,0,0
1,1,1,0,0
1,1,1,0,0
1,1,1,0,0
1,1,1,0,0
1,1,1,0,0
1,1,1,0,0
0,1,1,0,0
0,1,1,0,0
0,1,1,0,0
0,1,1,0,0
0,1,1,0,0
0,1,1,0,0
0,1,1,0,0
0,1,1,0,0
0,1,1,0,0
0,1,1,0,0
0,1,1,0,0
0,1,1,0,0
0,1,1,0,0
0,1,1,0,0
0,1,1,0,0
0,1,1,0,0
0,1,1,0,0
0,1,1,0,0
0,1,1,0,0
0,1,1,0,0
0,1,1,0,0
0,1,1,0,0
0,1,1,0,0
0,1,1,0,0
0,1,1,0,0
1,1,1,0,0
1,1,1,0,0
1,1,1,0,0
1,1,1,0,0
1,1,1,0,0
1,1,1,0,0
1,1,1,0,0
1,1,1,0,0
1,1,1,0,0
1,1,1,0,0
1,1,1,0,0
1,1,1,0,0
1,1,1,0,0
1,1,1,0,0
1,1,1,0,0
1,1,1,0,0
1,1,1,0,0
1,1,1,0,0
1,1,1,0,0
1,1,1,0,0
1,1,1,0,0
1,1,1,0,0
1,1,1,0,0
1,1,1,0,0
1,1,1,0,0
0,1,0,0,0
0,1,0,0,0
0,1,0,0,0
0,1,0,0,0
0,1,0,0,0
0,1,0,0,0
0,1,0,0,0
0,1,0,0,0
0,1,0,0,0
0,1,0,0,0
0,1,0,0,0
0,1,0,0,0
0,1,0,0,0
0,1,0,0,0
0,1,0,0,0
0,1,0,0,0
0,1,0,0,0
0,1,0,0,0
0,1,0,0,0
0,1,0,0,0
0,1,0,0,0
0,1,0,0,0
0,1,0,0,0
0,1,0,0,0
0,1,0,0,0
1,1,0,0,0
1,1,0,0,0
1,1,0,0,0
1,1,0,0,0
1,1,0,0,0
1,1,0,0,0
1,1,0,0,0
1,1,0,0,0
1,1,0,0,0
1,1,0,0,0
1,1,0,0,0
1,1,0,0,0
1,1,0,0,0
1,1,0,0,0
1,1,0,0,0
1,1,0,0,0
1,1,0,0,0
1,1,0,0,0
1,1,0,0,0
1,1,0,0,0
1,1,0,0,0
1,1,0,0,0
1,1,0,0,0
1,1,0,0,0
1,1,0,0,0
0,1,1,0,0
0,1,1,0,0
0,1,1,0,0
0,1,1,0,0
0,1,1,0,0
0,1,1,0,0
0,1,1,0,0
0,1,1,0,0
0,1,1,0,0
0,1,1,0,0
0,1,1,0,0
0,1,1,0,0
0,1,1,0,0
0,1,1,0,0
0,1,1,0,0
0,1,1,0,0
0,1,1,0,0
0,1,1,0,0
0,1,1,0,0
0,1,1,0,0
0,1,1,0,0
0,1,1,0,0
0,1,1,0,0
0,1,1,0,0
0,1,1,0,0
1,1,1,0,0
1,1,1,0,0
1,1,1,0,0
1,1,1,0,0
1,1,1,0,0
1,1,1,0,0
1,1,1,0,0
1,1,1,0,0
1,1,1,0,0
1,1,1,0,0
1,1,1,0,0
1,1,1,0,0
1,1,1,0,0
1,1,1,0,0
1,1,1,0,0
1,1,1,0,0
1,1,1,0,0
1,1,1,0,0
1,1,1,0,0
1,1,1,0,0
1,1,1,0,0
1,1,1,0,0
1,1,1,0,0
1,1,1,0,0
1,1,1,0,0
0,1,1,0,0
0,1,1,0,0
0,1,1,0,0
0,1,1,0,0
0,1,1,0,0
0,1,1,0,0
0,1,1,0,0
0,1,1,0,0
0,1,1,0,0
0,1,1,0,0
0,1,1,0,0
0,1,1,0,0
0,1,1,0,0
0,1,1,0,0
0,1,1,0,0
0,1,1,0,0
0,1,1,0,0
0,1,1,0,0
0,1,1,0,0
0,1,1,0,0
0,1,1,0,0
0,1,1,0,0
0,1,1,0,0
0,1,1,0,0
0,1,1,0,0
1,1,1,0,0
1,1,1,0,0
1,1,1,0,0
1,1,1,0,0
1,1,1,0,0
1,1,1,0,0
1,1,1,0,0
1,1,1,0,0
1,1,1,0,0
1,1,1,0,0
1,1,1,0,0
1,1,1,0,0
1,1,1,0,0
1,1,1,0,0
1,1,1,0,0
1,1,1,0,0
1,1,1,0,0
1,1,1,0,0
1,1,1,0,0
1,1,1,0,0
1,1,1,0,0
1,1,1,0,0
1,1,1,0,0
1,1,1,0,0
1,1,1,0,0
0,1,1,0,0
0,1,1,0,0
0,1,1,0,0
0,1,1,0,0
0,1,1,0,0
0,1,1,0,0
0,1,1,0,0
0,1,1,0,0
0,1,1,0,0
0,1,1,0,0
0,1,1,0,0
0,1,1,0,0
0,1,1,0,0
0,1,1,0,0
0,1,1,0,0
0,1,1,0,0
0,1,1,0,0
0,1,1,0,0
0,1,1,0,0
0,1,1,0,0
0,1,1,0,0
0,1,1,0,0
0,1,1,0,0
0,1,1,0,0
0,1,1,0,0
1,1,1,0,0
1,1,1,0,0
1,1,1,0,0
1,1,1,0,0
1,1,1,0,0
1,1,1,0,0
1,1,1,0,0
1,1,1,0,0
1,1,1,0,0
1,1,1,0,0
1,1,1,0,0
1,1,1,0,0
1,1,1,0,0
1,1,1,0,0
1,1,1,0,0
1,1,1,0,0
1,1,1,0,0
1,1,1,0,0
1,1,1,0,0
1,1,1,0,0
1,1,1,0,0
1,1,1,0,0
1,1,1,0,0
1,1,1,0,0
1,1,1,0,0
0,1,0,0,0
0,1,0,0,0
0,1,0,0,0
0,1,0,0,0
0,1,0,0,0
0,1,0,0,0
0,1,0,0,0
0,1,0,0,0
0,1,0,0,0
0,1,0,0,0
0,1,0,0,0
0,1,0,0,0
0,1,0,0,0
0,1,0,0,0
0,1,0,0,0
0,1,0,0,0
0,1,0,0,0
0,1,0,0,0
0,1,0,0,0
0,1,0,0,0
0,1,0,0,0
0,1,0,0,0
0,1,0,0,0
0,1,0,0,0
0,1,0,0,0
1,1,0,0,0
1,1,0,0,0
1,1,0,0,0
1,1,0,0,0
1,1,0,0,0
1,1,0,0,0
1,1,0,0,0
1,1,0,0,0
1,1,0,0,0
1,1,0,0,0
1,1,0,0,0
1,1,0,0,0
1,1,0,0,0
1,1,0,0,0
1,1,0,0,0
1,1,0,0,0
1,1,0,0,0
1,1,0,0,0
1,1,0,0,0
1,1,0,0,0
1,1,0,0,0
1,1,0,0,0
1,1,0,0,0
1,1,0,0,0
1,1,0,0,0
0,1,1,0,0
0,1,1,0,0
0,1,1,0,0
0,1,1,0,0
0,1,1,0,0
0,1,1,0,0
0,1,1,0,0
0,1,1,0,0
0,1,1,0,0
0,1,1,0,0
0,1,1,0,0
0,1,1,0,0
0,1,1,0,0
0,1,1,0,0
0,1,1,0,0
0,1,1,0,0
0,1,1,0,0
0,1,1,0,0
0,1,1,0,0
0,1,1,0,0
0,1,1,0,0
0,1,1,0,0
0,1,1,0,0
0,1,1,0,0
0,1,1,0,0
1,1,1,0,0
1,1,1,0,0
1,1,1,0,0
1,1,1,0,0
1,1,1,0,0
1,1,1,0,0
1,1,1,0,0
1,1,1,0,0
1,1,1,0,0
1,1,1,0,0
1,1,1,0,0
1,1,1,0,0
1,1,1,0,0
1,1,1,0,0
1,1,1,0,0
1,1,1,0,0
1,1,1,0,0
1,1,1,0,0
1,1,1,0,0
1,1,1,0,0
1,1,1,0,0
1,1,1,0,0
1,1,1,0,0
1,1,1,0,0
1,1,1,0,0
0,1,1,0,0
0,1,1,0,0
0,1,1,0,0
0,1,1,0,0
0,1,1,0,0
0,1,1,0,0
0,1,1,0,0
0,1,1,0,0
0,1,1,0,0
0,1,1,0,0
0,1,1,0,0
0,1,1,0,0
0,1,1,0,0
0,1,1,0,0
0,1,1,0,0
0,1,1,0,0
0,1,1,0,0
0,1,1,0,0
0,1,1,0,0
0,1,1,0,0
0,1,1,0,0
0,1,1,0,0
0,1,1,0,0
0,1,1,0,0
0,1,1,0,0
1,1,1,0,0
1,1,1,0,0
1,1,1,0,0
1,1,1,0,0
1,1,1,0,0
1,1,1,0,0
1,1,1,0,0
1,1,1,0,0
1,1,1,0,0
1,1,1,0,0
1,1,1,0,0
1,1,1,0,0
1,1,1,0,0
1,1,1,0,0
1,1,1,0,0
1,1,1,0,0
1,1,1,0,0
1,1,1,0,0
1,1,1,0,0
1,1,1,0,0
1,1,1,0,0
1,1,1,0,0
1,1,1,0,0
1,1,1,0,0
1,1,1,0,0
0,1,0,0,0
0,1,0,0,0
0,1,0,0,0
0,1,0,0,0
0,1,0,0,0
0,1,0,0,0
0,1,0,0,0
0,1,0,0,0
0,1,0,0,0
0,1,0,0,0
0,1,0,0,0
0,1,0,0,0
0,1,0,0,0
0,1,0,0,0
0,1,0,0,0
0,1,0,0,0
0,1,0,0,0
0,1,0,0,0
0,1,0,0,0
0,1,0,0,0
0,1,0,0,0
0,1,0,0,0
0,1,0,0,0
0,1,0,0,0
0,1,0,0,0
1,1,0,0,0
1,1,0,0,0
1,1,0,0,0
1,1,0,0,0
1,1,0,0,0
1,1,0,0,0
1,1,0,0,0
1,1,0,0,0
1,1,0,0,0
1,1,0,0,0
1,1,0,0,0
1,1,0,0,0
1,1,0,0,0
1,1,0,0,0
1,1,0,0,0
1,1,0,0,0
1,1,0,0,0
1,1,0,0,0
1,1,0,0,0
1,1,0,0,0
1,1,0,0,0
1,1,0,0,0
1,1,0,0,0
1,1,0,0,0
1,1,0,0,0
0,1,1,0,0
0,1,1,0,0
0,1,1,0,0
0,1,1,0,0
0,1,1,0,0
0,1,1,0,0
0,1,1,0,0
0,1,1,0,0
0,1,1,0,0
0,1,1,0,0
0,1,1,0,0
0,1,1,0,0
0,1,1,0,0
0,1,1,0,0
0,1,1,0,0
0,1,1,0,0
0,1,1,0,0
0,1,1,0,0
0,1,1,0,0
0,1,1,0,0
0,1,1,0,0
0,1,1,0,0
0,1,1,0,0
0,1,1,0,0
0,1,1,0,0
1,1,1,0,0
1,1,1,0,0
1,1,1,0,0
1,1,1,0,0
1,1,1,0,0
1,1,1,0,0
1,1,1,0,0
1,1,1,0,0
1,1,1,0,0
1,1,1,0,0
1,1,1,0,0
1,1,1,0,0
1,1,1,0,0
1,1,1,0,0
1,1,1,0,0
1,1,1,0,0
1,1,1,0,0
1,1,1,0,0
1,1,1,0,0
1,1,1,0,0
1,1,1,0,0
1,1,1,0,0
1,1,1,0,0
1,1,1,0,0
1,1,1,0,0
0,1,1,0,0
0,1,1,0,0
0,1,1,0,0
0,1,1,0,0
0,1,1,0,0
0,1,1,0,0
0,1,1,0,0
0,1,1,0,0
0,1,1,0,0
0,1,1,0,0
0,1,1,0,0
0,1,1,0,0
0,1,1,0,0
0,1,1,0,0
0,1,1,0,0
0,1,1,0,0
0,1,1,0,0
0,1,1,0,0
0,1,1,0,0
0,1,1,0,0
0,1,1,0,0
0,1,1,0,0
0,1,1,0,0
0,1,1,0,0
0,1,1,0,0
1,1,1,0,0
1,1,1,0,0
1,1,1,0,0
1,1,1,0,0
1,1,1,0,0
1,1,1,0,0
1,1,1,0,0
1,1,1,0,0
1,1,1,0,0
1,1,1,0,0
1,1,1,0,0
1,1,1,0,0
1,1,1,0,0
1,1,1,0,0
1,1,1,0,0
1,1,1,0,0
1,1,1,0,0
1,1,1,0,0
1,1,1,0,0
1,1,1,0,0
1,1,1,0,0
1,1,1,0,0
1,1,1,0,0
1,1,1,0,0
1,1,1,0,0
0,1,1,0,0
0,1,1,0,0
0,1,1,0,0
0,1,1,0,0
0,1,1,0,0
0,1,1,0,0
0,1,1,0,0
0,1,1,0,0
0,1,1,0,0
0,1,1,0,0
0,1,1,0,0
0,1,1,0,0
0,1,1,0,0
0,1,1,0,0
0,1,1,0,0
0,1,1,0,0
0,1,1,0,0
0,1,1,0,0
0,1,1,0,0
0,1,1,0,0
0,1,1,0,0
0,1,1,0,0
0,1,1,0,0
0,1,1,0,0
0,1,1,0,0
1,1,1,0,0
1,1,1,0,0
1,1,1,0,0
1,1,1,0,0
1,1,1,0,0
1,1,1,0,0
1,1,1,0,0
1,1,1,0,0
1,1,1,0,0
1,1,1,0,0
1,1,1,0,0
1,1,1,0,0
1,1,1,0,0
1,1,1,0,0
1,1,1,0,0
1,1,1,0,0
1,1,1,0,0
1,1,1,0,0
1,1,1,0,0
1,1,1,0,0
1,1,1,0,0
1,1,1,0,0
1,1,1,0,0
1,1,1,0,0
1,1,1,0,0
0,1,0,0,0
0,1,0,0,0
0,1,0,0,0
0,1,0,0,0
0,1,0,0,0
0,1,0,0,0
0,1,0,0,0
0,1,0,0,0
0,1,0,0,0
0,1,0,0,0
0,1,0,0,0
0,1,0,0,0
0,1,0,0,0
0,1,0,0,0
0,1,0,0,0
0,1,0,0,0
0,1,0,0,0
0,1,0,0,0
0,1,0,0,0
0,1,0,0,0
0,1,0,0,0
0,1,0,0,0
0,1,0,0,0
0,1,0,0,0
0,1,0,0,0
1,1,0,0,0
1,1,0,0,0
1,1,0,0,0
1,1,0,0,0
1,1,0,0,0
1,1,0,0,0
1,1,0,0,0
1,1,0,0,0
1,1,0,0,0
1,1,0,0,0
1,1,0,0,0
1,1,0,0,0
1,1,0,0,0
1,1,0,0,0
1,1,0,0,0
1,1,0,0,0
1,1,0,0,0
1,1,0,0,0
1,1,0,0,0
1,1,0,0,0
1,1,0,0,0
1,1,0,0,0
1,1,0,0,0
1,1,0,0,0
1,1,0,0,0
0,1,1,0,0
0,1,1,0,0
0,1,1,0,0
0,1,1,0,0
0,1,1,0,0
0,1,1,0,0
0,1,1,0,0
0,1,1,0,0
0,1,1,0,0
0,1,1,0,0
0,1,1,0,0
0,1,1,0,0
0,1,1,0,0
0,1,1,0,0
0,1,1,0,0
0,1,1,0,0
0,1,1,0,0
0,1,1,0,0
0,1,1,0,0
0,1,1,0,0
0,1,1,0,0
0,1,1,0,0
0,1,1,0,0
0,1,1,0,0
0,1,1,0,0
1,1,1,0,0
1,1,1,0,0
1,1,1,0,0
1,1,1,0,0
1,1,1,0,0
1,1,1,0,0
1,1,1,0,0
1,1,1,0,0
1,1,1,0,0
1,1,1,0,0
1,1,1,0,0
1,1,1,0,0
1,1,1,0,0
1,1,1,0,0
1,1,1,0,0
1,1,1,0,0
1,1,1,0,0
1,1,1,0,0
1,1,1,0,0
1,1,1,0,0
1,1,1,0,0
1,1,1,0,0
1,1,1,0,0
1,1,1,0,0
1,1,1,0,0
0,1,1,0,0
0,1,1,0,0
0,1,1,0,0
0,1,1,0,0
0,1,1,0,0
0,1,1,0,0
0,1,1,0,0
0,1,1,0,0
0,1,1,0,0
0,1,1,0,0
0,1,1,0,0
0,1,1,0,0
0,1,1,0,0
0,1,1,0,0
0,1,1,0,0
0,1,1,0,0
0,1,1,0,0
0,1,1,0,0
0,1,1,0,0
0,1,1,0,0
0,1,1,0,0
0,1,1,0,0
0,1,1,0,0
0,1,1,0,0
0,1,1,0,0
1,1,1,0,0
1,1,1,0,0
1,1,1,0,0
1,1,1,0,0
1,1,1,0,0
1,1,1,0,0
1,1,1,0,0
1,1,1,0,0
1,1,1,0,0
1,1,1,0,0
1,1,1,0,0
1,1,1,0,0
1,1,1,0,0
1,1,1,0,0
1,1,1,0,0
1,1,1,0,0
1,1,1,0,0
1,1,1,0,0
1,1,1,0,0
1,1,1,0,0
1,1,1,0,0
1,1,1,0,0
1,1,1,0,0
1,1,1,0,0
1,1,1,0,0
0,1,0,0,0
0,1,0,0,0
0,1,0,0,0
0,1,0,0,0
0,1,0,0,0
0,1,0,0,0
0,1,0,0,0
0,1,0,0,0
0,1,0,0,0
0,1,0,0,0
0,1,0,0,0
0,1,0,0,0
0,1,0,0,0
0,1,0,0,0
0,1,0,0,0
0,1,0,0,0
0,1,0,0,0
0,1,0,0,0
0,1,0,0,0
0,1,0,0,0
0,1,0,0,0
0,1,0,0,0
0,1,0,0,0
0,1,0,0,0
0,1,0,0,0
1,1,0,0,0
1,1,0,0,0
1,1,0,0,0
1,1,0,0,0
1,1,0,0,0
1,1,0,0,0
1,1,0,0,0
1,1,0,0,0
1,1,0,0,0
1,1,0,0,0
1,1,0,0,0
1,1,0,0,0
1,1,0,0,0
1,1,0,0,0
1,1,0,0,0
1,1,0,0,0
1,1,0,0,0
1,1,0,0,0
1,1,0,0,0
1,1,0,0,0
1,1,0,0,0
1,1,0,0,0
1,1,0,0,0
1,1,0,0,0
1,1,0,0,0
0,1,1,0,0
0,1,1,0,0
0,1,1,0,0
0,1,1,0,0
0,1,1,0,0
0,1,1,0,0
0,1,1,0,0
0,1,1,0,0
0,1,1,0,0
0,1,1,0,0
0,1,1,0,0
0,1,1,0,0
0,1,1,0,0
0,1,1,0,0
0,1,1,0,0
0,1,1,0,0
0,1,1,0,0
0,1,1,0,0
0,1,1,0,0
0,1,1,0,0
0,1,1,0,0
0,1,1,0,0
0,1,1,0,0
0,1,1,0,0
0,1,1,0,0
1,1,1,0,0
1,1,1,0,0
1,1,1,0,0
1,1,1,0,0
1,1,1,0,0
1,1,1,0,0
1,1,1,0,0
1,1,1,0,0
1,1,1,0,0
1,1,1,0,0
1,1,1,0,0
1,1,1,0,0
1,1,1,0,0
1,1,1,0,0
1,1,1,0,0
1,1,1,0,0
1,1,1,0,0
1,1,1,0,0
1,1,1,0,0
1,1,1,0,0
1,1,1,0,0
1,1,1,0,0
1,1,1,0,0
1,1,1,0,0
1,1,1,0,0
0,1,1,0,0
0,1,1,0,0
0,1,1,0,0
0,1,1,0,0
0,1,1,0,0
0,1,1,0,0
0,1,1,0,0
0,1,1,0,0
0,1,1,0,0
0,1,1,0,0
0,1,1,0,0
0,1,1,0,0
0,1,1,0,0
0,1,1,0,0
0,1,1,0,0
0,1,1,0,0
0,1,1,0,0
0,1,1,0,0
0,1,1,0,0
0,1,1,0,0
0,1,1,0,0
0,1,1,0,0
0,1,1,0,0
0,1,1,0,0
0,1,1,0,0
1,1,1,0,0
1,1,1,0,0
1,1,1,0,0
1,1,1,0,0
1,1,1,0,0
1,1,1,0,0
1,1,1,0,0
1,1,1,0,0
1,1,1,0,0
1,1,1,0,0
1,1,1,0,0
1,1,1,0,0
1,1,1,0,0
1,1,1,0,0
1,1,1,0,0
1,1,1,0,0
1,1,1,0,0
1,1,1,0,0
1,1,1,0,0
1,1,1,0,0
1,1,1,0,0
1,1,1,0,0
1,1,1,0,0
1,1,1,0,0
1,1,1,0,0
0,1,1,0,0
0,1,1,0,0
0,1,1,0,0
0,1,1,0,0
0,1,1,0,0
0,1,1,0,0
0,1,1,0,0
0,1,1,0,0
0,1,1,0,0
0,1,1,0,0
0,1,1,0,0
0,1,1,0,0
0,1,1,0,0
0,1,1,0,0
0,1,1,0,0
0,1,1,0,0
0,1,1,0,0
0,1,1,0,0
0,1,1,0,0
0,1,1,0,0
0,1,1,0,0
0,1,1,0,0
0,1,1,0,0
0,1,1,0,0
0,1,1,0,0
1,1,1,0,0
1,1,1,0,0
1,1,1,0,0
1,1,1,0,0
1,1,1,0,0
1,1,1,0,0
1,1,1,0,0
1,1,1,0,0
1,1,1,0,0
1,1,1,0,0
1,1,1,0,0
1,1,1,0,0
1,1,1,0,0
1,1,1,0,0
1,1,1,0,0
1,1,1,0,0
1,1,1,0,0
1,1,1,0,0
1,1,1,0,0
1,1,1,0,0
1,1,1,0,0
1,1,1,0,0
1,1,1,0,0
1,1,1,0,0
1,1,1,0,0
0,1,0,0,0
0,1,0,0,0
0,1,0,0,0
0,1,0,0,0
0,1,0,0,0
0,1,0,0,0
0,1,0,0,0
0,1,0,0,0
0,1,0,0,0
0,1,0,0,0
0,1,0,0,0
0,1,0,0,0
0,1,0,0,0
0,1,0,0,0
0,1,0,0,0
0,1,0,0,0
0,1,0,0,0
0,1,0,0,0
0,1,0,0,0
0,1,0,0,0
0,1,0,0,0
0,1,0,0,0
0,1,0,0,0
0,1,0,0,0
0,1,0,0,0
1,1,0,0,0
1,1,0,0,0
1,1,0,0,0
1,1,0,0,0
1,1,0,0,0
1,1,0,0,0
1,1,0,0,0
1,1,0,0,0
1,1,0,0,0
1,1,0,0,0
1,1,0,0,0
1,1,0,0,0
1,1,0,0,0
1,1,0,0,0
1,1,0,0,0
1,1,0,0,0
1,1,0,0,0
1,1,0,0,0
1,1,0,0,0
1,1,0,0,0
1,1,0,0,0
1,1,0,0,0
1,1,0,0,0
1,1,0,0,0
1,1,0,0,0
0,1,1,0,0
0,1,1,0,0
0,1,1,0,0
0,1,1,0,0
0,1,1,0,0
0,1,1,0,0
0,1,1,0,0
0,1,1,0,0
0,1,1,0,0
0,1,1,0,0
0,1,1,0,0
0,1,1,0,0
0,1,1,0,0
0,1,1,0,0
0,1,1,0,0
0,1,1,0,0
0,1,1,0,0
0,1,1,0,0
0,1,1,0,0
0,1,1,0,0
0,1,1,0,0
0,1,1,0,0
0,1,1,0,0
0,1,1,0,0
0,1,1,0,0
1,1,1,0,0
1,1,1,0,0
1,1,1,0,0
1,1,1,0,0
1,1,1,0,0
1,1,1,0,0
1,1,1,0,0
1,1,1,0,0
1,1,1,0,0
1,1,1,0,0
1,1,1,0,0
1,1,1,0,0
1,1,1,0,0
1,1,1,0,0
1,1,1,0,0
1,1,1,0,0
1,1,1,0,0
1,1,1,0,0
1,1,1,0,0
1,1,1,0,0
1,1,1,0,0
1,1,1,0,0
1,1,1,0,0
1,1,1,0,0
1,1,1,0,0
0,1,1,0,0
0,1,1,0,0
0,1,1,0,0
0,1,1,0,0
0,1,1,0,0
0,1,1,0,0
0,1,1,0,0
0,1,1,0,0
0,1,1,0,0
0,1,1,0,0
0,1,1,0,0
0,1,1,0,0
0,1,1,0,0
0,1,1,0,0
0,1,1,0,0
0,1,1,0,0
0,1,1,0,0
0,1,1,0,0
0,1,1,0,0
0,1,1,0,0
0,1,1,0,0
0,1,1,0,0
0,1,1,0,0
0,1,1,0,0
0,1,1,0,0
1,1,1,0,0
1,1,1,0,0
1,1,1,0,0
1,1,1,0,0
1,1,1,0,0
1,1,1,0,0
1,1,1,0,0
1,1,1,0,0
1,1,1,0,0
1,1,1,0,0
1,1,1,0,0
1,1,1,0,0
1,1,1,0,0
1,1,1,0,0
1,1,1,0,0
1,1,1,0,0
1,1,1,0,0
1,1,1,0,0
1,1,1,0,0
1,1,1,0,0
1,1,1,0,0
1,1,1,0,0
1,1,1,0,0
1,1,1,0,0
1,1,1,0,0
0,1,0,0,0
0,1,0,0,0
0,1,0,0,0
0,1,0,0,0
0,1,0,0,0
0,1,0,0,0
0,1,0,0,0
0,1,0,0,0
0,1,0,0,0
0,1,0,0,0
0,1,0,0,0
0,1,0,0,0
0,1,0,0,0
0,1,0,0,0
0,1,0,0,0
0,1,0,0,0
0,1,0,0,0
0,1,0,0,0
0,1,0,0,0
0,1,0,0,0
0,1,0,0,0
0,1,0,0,0
0,1,0,0,0
0,1,0,0,0
0,1,0,0,0
1,1,0,0,0
1,1,0,0,0
1,1,0,0,0
1,1,0,0,0
1,1,0,0,0
1,1,0,0,0
1,1,0,0,0
1,1,0,0,0
1,1,0,0,0
1,1,0,0,0
1,1,0,0,0
1,1,0,0,0
1,1,0,0,0
1,1,0,0,0
1,1,0,0,0
1,1,0,0,0
1,1,0,0,0
1,1,0,0,0
1,1,0,0,0
1,1,0,0,0
1,1,0,0,0
1,1,0,0,0
1,1,0,0,0
1,1,0,0,0
1,1,0,0,0
0,1,1,0,0
0,1,1,0,0
0,1,1,0,0
0,1,1,0,0
0,1,1,0,0
0,1,1,0,0
0,1,1,0,0
0,1,1,0,0
0,1,1,0,0
0,1,1,0,0
0,1,1,0,0
0,1,1,0,0
0,1,1,0,0
0,1,1,0,0
0,1,1,0,0
0,1,1,0,0
0,1,1,0,0
0,1,1,0,0
0,1,1,0,0
0,1,1,0,0
0,1,1,0,0
0,1,1,0,0
0,1,1,0,0
0,1,1,0,0
0,1,1,0,0
1,1,1,0,0
1,1,1,0,0
1,1,1,0,0
1,1,1,0,0
1,1,1,0,0
1,1,1,0,0
1,1,1,0,0
1,1,1,0,0
1,1,1,0,0
1,1,1,0,0
1,1,1,0,0
1,1,1,0,0
1,1,1,0,0
1,1,1,0,0
1,1,1,0,0
1,1,1,0,0
1,1,1,0,0
1,1,1,0,0
1,1,1,0,0
1,1,1,0,0
1,1,1,0,0
1,1,1,0,0
1,1,1,0,0
1,1,1,0,0
1,1,1,0,0
0,1,1,0,0
0,1,1,0,0
0,1,1,0,0
0,1,1,0,0
0,1,1,0,0
0,1,1,0,0
0,1,1,0,0
0,1,1,0,0
0,1,1,0,0
0,1,1,0,0
0,1,1,0,0
0,1,1,0,0
0,1,1,0,0
0,1,1,0,0
0,1,1,0,0
0,1,1,0,0
0,1,1,0,0
0,1,1,0,0
0,1,1,0,0
0,1,1,0,0
0,1,1,0,0
0,1,1,0,0
0,1,1,0,0
0,1,1,0,0
0,1,1,0,0
1,1,1,0,0
1,1,1,0,0
1,1,1,0,0
1,1,1,0,0
1,1,1,0,0
1,1,1,0,0
1,1,1,0,0
1,1,1,0,0
1,1,1,0,0
1,1,1,0,0
1,1,1,0,0
1,1,1,0,0
1,1,1,0,0
1,1,1,0,0
1,1,1,0,0
1,1,1,0,0
1,1,1,0,0
1,1,1,0,0
1,1,1,0,0
1,1,1,0,0
1,1,1,0,0
1,1,1,0,0
1,1,1,0,0
1,1,1,0,0
1,1,1,0,0
0,1,1,0,0
0,1,1,0,0
0,1,1,0,0
0,1,1,0,0
0,1,1,0,0
0,1,1,0,0
0,1,1,0,0
0,1,1,0,0
0,1,1,0,0
0,1,1,0,0
0,1,1,0,0
0,1,1,0,0
0,1,1,0,0
0,1,1,0,0
0,1,1,0,0
0,1,1,0,0
0,1,1,0,0
0,1,1,0,0
0,1,1,0,0
0,1,1,0,0
0,1,1,0,0
0,1,1,0,0
0,1,1,0,0
0,1,1,0,0
0,1,1,0,0
1,1,1,0,0
1,1,1,0,0
1,1,1,0,0
1,1,1,0,0
1,1,1,0,0
1,1,1,0,0
1,1,1,0,0
1,1,1,0,0
1,1,1,0,0
1,1,1,0,0
1,1,1,0,0
1,1,1,0,0
1,1,1,0,0
1,1,1,0,0
1,1,1,0,0
1,1,1,0,0
1,1,1,0,0
1,1,1,0,0
1,1,1,0,0
1,1,1,0,0
1,1,1,0,0
1,1,1,0,0
1,1,1,0,0
1,1,1,0,0
1,1,1,0,0
0,1,0,0,0
0,1,0,0,0
0,1,0,0,0
0,1,0,0,0
0,1,0,0,0
0,1,0,0,0
0,1,0,0,0
0,1,0,0,0
0,1,0,0,0
0,1,0,0,0
0,1,0,0,0
0,1,0,0,0
0,1,0,0,0
0,1,0,0,0
0,1,0,0,0
0,1,0,0,0
0,1,0,0,0
0,1,0,0,0
0,1,0,0,0
0,1,0,0,0
0,1,0,0,0
0,1,0,0,0
0,1,0,0,0
0,1,0,0,0
0,1,0,0,0
1,1,0,0,0
1,1,0,0,0
1,1,0,0,0
1,1,0,0,0
1,1,0,0,0
1,1,0,0,0
1,1,0,0,0
1,1,0,0,0
1,1,0,0,0
1,1,0,0,0
1,1,0,0,0
1,1,0,0,0
1,1,0,0,0
1,1,0,0,0
1,1,0,0,0
1,1,0,0,0
1,1,0,0,0
1,1,0,0,0
1,1,0,0,0
1,1,0,0,0
1,1,0,0,0
1,1,0,0,0
1,1,0,0,0
1,1,0,0,0
1,1,0,0,0
0,1,1,0,0
0,1,1,0,0
0,1,1,0,0
0,1,1,0,0
0,1,1,0,0
0,1,1,0,0
0,1,1,0,0
0,1,1,0,0
0,1,1,0,0
0,1,1,0,0
0,1,1,0,0
0,1,1,0,0
0,1,1,0,0
0,1,1,0,0
0,1,1,0,0
0,1,1,0,0
0,1,1,0,0
0,1,1,0,0
0,1,1,0,0
0,1,1,0,0
0,1,1,0,0
0,1,1,0,0
0,1,1,0,0
0,1,1,0,0
0,1,1,0,0
1,1,1,0,0
1,1,1,0,0
1,1,1,0,0
1,1,1,0,0
1,1,1,0,0
1,1,1,0,0
1,1,1,0,0
1,1,1,0,0
1,1,1,0,0
1,1,1,0,0
1,1,1,0,0
1,1,1,0,0
1,1,1,0,0
1,1,1,0,0
1,1,1,0,0
1,1,1,0,0
1,1,1,0,0
1,1,1,0,0
1,1,1,0,0
1,1,1,0,0
1,1,1,0,0
1,1,1,0,0
1,1,1,0,0
1,1,1,0,0
1,1,1,0,0
0,1,1,0,0
0,1,1,0,0
0,1,1,0,0
0,1,1,0,0
0,1,1,0,0
0,1,1,0,0
0,1,1,0,0
0,1,1,0,0
0,1,1,0,0
0,1,1,0,0
0,1,1,0,0
0,1,1,0,0
0,1,1,0,0
0,1,1,0,0
0,1,1,0,0
0,1,1,0,0
0,1,1,0,0
0,1,1,0,0
0,1,1,0,0
0,1,1,0,0
0,1,1,0,0
0,1,1,0,0
0,1,1,0,0
0,1,1,0,0
0,1,1,0,0
1,1,1,0,0
1,1,1,0,0
1,1,1,0,0
1,1,1,0,0
1,1,1,0,0
1,1,1,0,0
1,1,1,0,0
1,1,1,0,0
1,1,1,0,0
1,1,1,0,0
1,1,1,0,0
1,1,1,0,0
1,1,1,0,0
1,1,1,0,0
1,1,1,0,0
1,1,1,0,0
1,1,1,0,0
1,1,1,0,0
1,1,1,0,0
1,1,1,0,0
1,1,1,0,0
1,1,1,0,0
1,1,1,0,0
1,1,1,0,0
1,1,1,0,0
0,1,0,0,0
0,1,0,0,0
0,1,0,0,0
0,1,0,0,0
0,1,0,0,0
0,1,0,0,0
0,1,0,0,0
0,1,0,0,0
0,1,0,0,0
0,1,0,0,0
0,1,0,0,0
0,1,0,0,0
0,1,0,0,0
0,1,0,0,0
0,1,0,0,0
0,1,0,0,0
0,1,0,0,0
0,1,0,0,0
0,1,0,0,0
0,1,0,0,0
0,1,0,0,0
0,1,0,0,0
0,1,0,0,0
0,1,0,0,0
0,1,0,0,0
1,1,0,0,0
1,1,0,0,0
1,1,0,0,0
1,1,0,0,0
1,1,0,0,0
1,1,0,0,0
1,1,0,0,0
1,1,0,0,0
1,1,0,0,0
1,1,0,0,0
1,1,0,0,0
1,1,0,0,0
1,1,0,0,0
1,1,0,0,0
1,1,0,0,0
1,1,0,0,0
1,1,0,0,0
1,1,0,0,0
1,1,0,0,0
1,1,0,0,0
1,1,0,0,0
1,1,0,0,0
1,1,0,0,0
1,1,0,0,0
1,1,0,0,0
0,1,1,0,0
0,1,1,0,0
0,1,1,0,0
0,1,1,0,0
0,1,1,0,0
0,1,1,0,0
0,1,1,0,0
0,1,1,0,0
0,1,1,0,0
0,1,1,0,0
0,1,1,0,0
0,1,1,0,0
0,1,1,0,0
0,1,1,0,0
0,1,1,0,0
0,1,1,0,0
0,1,1,0,0
0,1,1,0,0
0,1,1,0,0
0,1,1,0,0
0,1,1,0,0
0,1,1,0,0
0,1,1,0,0
0,1,1,0,0
0,1,1,0,0
1,1,1,0,0
1,1,1,0,0
1,1,1,0,0
1,1,1,0,0
1,1,1,0,0
1,1,1,0,0
1,1,1,0,0
1,1,1,0,0
1,1,1,0,0
1,1,1,0,0
1,1,1,0,0
1,1,1,0,0
1,1,1,0,0
1,1,1,0,0
1,1,1,0,0
1,1,1,0,0
1,1,1,0,0
1,1,1,0,0
1,1,1,0,0
1,1,1,0,0
1,1,1,0,0
1,1,1,0,0
1,1,1,0,0
1,1,1,0,0
1,1,1,0,0
0,1,1,0,0
0,1,1,0,0
0,1,1,0,0
0,1,1,0,0
0,1,1,0,0
0,1,1,0,0
0,1,1,0,0
0,1,1,0,0
0,1,1,0,0
0,1,1,0,0
0,1,1,0,0
0,1,1,0,0
0,1,1,0,0
0,1,1,0,0
0,1,1,0,0
0,1,1,0,0
0,1,1,0,0
0,1,1,0,0
0,1,1,0,0
0,1,1,0,0
0,1,1,0,0
0,1,1,0,0
0,1,1,0,0
0,1,1,0,0
0,1,1,0,0
1,1,1,0,0
1,1,1,0,0
1,1,1,0,0
1,1,1,0,0
1,1,1,0,0
1,1,1,0,0
1,1,1,0,0
1,1,1,0,0
1,1,1,0,0
1,1,1,0,0
1,1,1,0,0
1,1,1,0,0
1,1,1,0,0
1,1,1,0,0
1,1,1,0,0
1,1,1,0,0
1,1,1,0,0
1,1,1,0,0
1,1,1,0,0
1,1,1,0,0
1,1,1,0,0
1,1,1,0,0
1,1,1,0,0
1,1,1,0,0
1,1,1,0,0
0,1,1,0,0
0,1,1,0,0
0,1,1,0,0
0,1,1,0,0
0,1,1,0,0
0,1,1,0,0
0,1,1,0,0
0,1,1,0,0
0,1,1,0,0
0,1,1,0,0
0,1,1,0,0
0,1,1,0,0
0,1,1,0,0
0,1,1,0,0
0,1,1,0,0
0,1,1,0,0
0,1,1,0,0
0,1,1,0,0
0,1,1,0,0
0,1,1,0,0
0,1,1,0,0
0,1,1,0,0
0,1,1,0,0
0,1,1,0,0
0,1,1,0,0
1,1,1,0,0
1,1,1,0,0
1,1,1,0,0
1,1,1,0,0
1,1,1,0,0
1,1,1,0,0
1,1,1,0,0
1,1,1,0,0
1,1,1,0,0
1,1,1,0,0
1,1,1,0,0
1,1,1,0,0
1,1,1,0,0
1,1,1,0,0
1,1,1,0,0
1,1,1,0,0
1,1,1,0,0
1,1,1,0,0
1,1,1,0,0
1,1,1,0,0
1,1,1,0,0
1,1,1,0,0
1,1,1,0,0
1,1,1,0,0
1,1,1,0,0
0,1,0,0,0
0,1,0,0,0
0,1,0,0,0
0,1,0,0,0
0,1,0,0,0
0,1,0,0,0
0,1,0,0,0
0,1,0,0,0
0,1,0,0,0
0,1,0,0,0
0,1,0,0,0
0,1,0,0,0
0,1,0,0,0
0,1,0,0,0
0,1,0,0,0
0,1,0,0,0
0,1,0,0,0
0,1,0,0,0
0,1,0,0,0
0,1,0,0,0
0,1,0,0,0
0,1,0,0,0
0,1,0,0,0
0,1,0,0,0
0,1,0,0,0
1,1,0,0,0
1,1,0,0,0
1,1,0,0,0
1,1,0,0,0
1,1,0,0,0
1,1,0,0,0
1,1,0,0,0
1,1,0,0,0
1,1,0,0,0
1,1,0,0,0
1,1,0,0,0
1,1,0,0,0
1,1,0,0,0
1,1,0,0,0
1,1,0,0,0
1,1,0,0,0
1,1,0,0,0
1,1,0,0,0
1,1,0,0,0
1,1,0,0,0
1,1,0,0,0
1,1,0,0,0
1,1,0,0,0
1,1,0,0,0
1,1,0,0,0
0,1,1,0,0
0,1,1,0,0
0,1,1,0,0
0,1,1,0,0
0,1,1,0,0
0,1,1,0,0
0,1,1,0,0
0,1,1,0,0
0,1,1,0,0
0,1,1,0,0
0,1,1,0,0
0,1,1,0,0
0,1,1,0,0
0,1,1,0,0
0,1,1,0,0
0,1,1,0,0
0,1,1,0,0
0,1,1,0,0
0,1,1,0,0
0,1,1,0,0
0,1,1,0,0
0,1,1,0,0
0,1,1,0,0
0,1,1,0,0
0,1,1,0,0
1,1,1,0,0
1,1,1,0,0
1,1,1,0,0
1,1,1,0,0
1,1,1,0,0
1,1,1,0,0
1,1,1,0,0
1,1,1,0,0
1,1,1,0,0
1,1,1,0,0
1,1,1,0,0
1,1,1,0,0
1,1,1,0,0
1,1,1,0,0
1,1,1,0,0
1,1,1,0,0
1,1,1,0,0
1,1,1,0,0
1,1,1,0,0
1,1,1,0,0
1,1,1,0,0
1,1,1,0,0
1,1,1,0,0
1,1,1,0,0
1,1,1,0,0
0,1,1,0,0
0,1,1,0,0
0,1,1,0,0
0,1,1,0,0
0,1,1,0,0
0,1,1,0,0
0,1,1,0,0
0,1,1,0,0
0,1,1,0,0
0,1,1,0,0
0,1,1,0,0
0,1,1,0,0
0,1,1,0,0
0,1,1,0,0
0,1,1,0,0
0,1,1,0,0
0,1,1,0,0
0,1,1,0,0
0,1,1,0,0
0,1,1,0,0
0,1,1,0,0
0,1,1,0,0
0,1,1,0,0
0,1,1,0,0
0,1,1,0,0
1,1,1,0,0
1,1,1,0,0
1,1,1,0,0
1,1,1,0,0
1,1,1,0,0
1,1,1,0,0
1,1,1,0,0
1,1,1,0,0
1,1,1,0,0
1,1,1,0,0
1,1,1,0,0
1,1,1,0,0
1,1,1,0,0
1,1,1,0,0
1,1,1,0,0
1,1,1,0,0
1,1,1,0,0
1,1,1,0,0
1,1,1,0,0
1,1,1,0,0
1,1,1,0,0
1,1,1,0,0
1,1,1,0,0
1,1,1,0,0
1,1,1,0,0
0,1,0,0,0
0,1,0,0,0
0,1,0,0,0
0,1,0,0,0
0,1,0,0,0
0,1,0,0,0
0,1,0,0,0
0,1,0,0,0
0,1,0,0,0
0,1,0,0,0
0,1,0,0,0
0,1,0,0,0
0,1,0,0,0
0,1,0,0,0
0,1,0,0,0
0,1,0,0,0
0,1,0,0,0
0,1,0,0,0
0,1,0,0,0
0,1,0,0,0
0,1,0,0,0
0,1,0,0,0
0,1,0,0,0
0,1,0,0,0
0,1,0,0,0
1,1,0,0,0
1,1,0,0,0
1,1,0,0,0
1,1,0,0,0
1,1,0,0,0
1,1,0,0,0
1,1,0,0,0
1,1,0,0,0
1,1,0,0,0
1,1,0,0,0
1,1,0,0,0
1,1,0,0,0
1,1,0,0,0
1,1,0,0,0
1,1,0,0,0
1,1,0,0,0
1,1,0,0,0
1,1,0,0,0
1,1,0,0,0
1,1,0,0,0
1,1,0,0,0
1,1,0,0,0
1,1,0,0,0
1,1,0,0,0
1,1,0,0,0
0,1,1,0,0
0,1,1,0,0
0,1,1,0,0
0,1,1,0,0
0,1,1,0,0
0,1,1,0,0
0,1,1,0,0
0,1,1,0,0
0,1,1,0,0
0,1,1,0,0
0,1,1,0,0
0,1,1,0,0
0,1,1,0,0
0,1,1,0,0
0,1,1,0,0
0,1,1,0,0
0,1,1,0,0
0,1,1,0,0
0,1,1,0,0
0,1,1,0,0
0,1,1,0,0
0,1,1,0,0
0,1,1,0,0
0,1,1,0,0
0,1,1,0,0
1,1,1,0,0
1,1,1,0,0
1,1,1,0,0
1,1,1,0,0
1,1,1,0,0
1,1,1,0,0
1,1,1,0,0
1,1,1,0,0
1,1,1,0,0
1,1,1,0,0
1,1,1,0,0
1,1,1,0,0
1,1,1,0,0
1,1,1,0,0
1,1,1,0,0
1,1,1,0,0
1,1,1,0,0
1,1,1,0,0
1,1,1,0,0
1,1,1,0,0
1,1,1,0,0
1,1,1,0,0
1,1,1,0,0
1,1,1,0,0
1,1,1,0,0
0,1,1,0,0
0,1,1,0,0
0,1,1,0,0
0,1,1,0,0
0,1,1,0,0
0,1,1,0,0
0,1,1,0,0
0,1,1,0,0
0,1,1,0,0
0,1,1,0,0
0,1,1,0,0
0,1,1,0,0
0,1,1,0,0
0,1,1,0,0
0,1,1,0,0
0,1,1,0,0
0,1,1,0,0
0,1,1,0,0
0,1,1,0,0
0,1,1,0,0
0,1,1,0,0
0,1,1,0,0
0,1,1,0,0
0,1,1,0,0
0,1,1,0,0
1,1,1,0,0
1,1,1,0,0
1,1,1,0,0
1,1,1,0,0
1,1,1,0,0
1,1,1,0,0
1,1,1,0,0
1,1,1,0,0
1,1,1,0,0
1,1,1,0,0
1,1,1,0,0
1,1,1,0,0
1,1,1,0,0
1,1,1,0,0
1,1,1,0,0
1,1,1,0,0
1,1,1,0,0
1,1,1,0,0
1,1,1,0,0
1,1,1,0,0
1,1,1,0,0
1,1,1,0,0
1,1,1,0,0
1,1,1,0,0
1,1,1,0,0
0,1,1,0,0
0,1,1,0,0
0,1,1,0,0
0,1,1,0,0
0,1,1,0,0
0,1,1,0,0
0,1,1,0,0
0,1,1,0,0
0,1,1,0,0
0,1,1,0,0
0,1,1,0,0
0,1,1,0,0
0,1,1,0,0
0,1,1,0,0
0,1,1,0,0
0,1,1,0,0
0,1,1,0,0
0,1,1,0,0
0,1,1,0,0
0,1,1,0,0
0,1,1,0,0
0,1,1,0,0
0,1,1,0,0
0,1,1,0,0
0,1,1,0,0
1,1,1,0,0
1,1,1,0,0
1,1,1,0,0
1,1,1,0,0
1,1,1,0,0
1,1,1,0,0
1,1,1,0,0
1,1,1,0,0
1,1,1,0,0
1,1,1,0,0
1,1,1,0,0
1,1,1,0,0
1,1,1,0,0
1,1,1,0,0
1,1,1,0,0
1,1,1,0,0
1,1,1,0,0
1,1,1,0,0
1,1,1,0,0
1,1,1,0,0
1,1,1,0,0
1,1,1,0,0
1,1,1,0,0
1,1,1,0,0
1,1,1,0,0
0,1,0,0,0
0,1,0,0,0
0,1,0,0,0
0,1,0,0,0
0,1,0,0,0
0,1,0,0,0
0,1,0,0,0
0,1,0,0,0
0,1,0,0,0
0,1,0,0,0
0,1,0,0,0
0,1,0,0,0
0,1,0,0,0
0,1,0,0,0
0,1,0,0,0
0,1,0,0,0
0,1,0,0,0
0,1,0,0,0
0,1,0,0,0
0,1,0,0,0
0,1,0,0,0
0,1,0,0,0
0,1,0,0,0
0,1,0,0,0
0,1,0,0,0
1,1,0,0,0
1,1,0,0,0
1,1,0,0,0
1,1,0,0,0
1,1,0,0,0
1,1,0,0,0
1,1,0,0,0
1,1,0,0,0
1,1,0,0,0
1,1,0,0,0
1,1,0,0,0
1,1,0,0,0
1,1,0,0,0
1,1,0,0,0
1,1,0,0,0
1,1,0,0,0
1,1,0,0,0
1,1,0,0,0
1,1,0,0,0
1,1,0,0,0
1,1,0,0,0
1,1,0,0,0
1,1,0,0,0
1,1,0,0,0
1,1,0,0,0
0,1,1,0,0
0,1,1,0,0
0,1,1,0,0
0,1,1,0,0
0,1,1,0,0
0,1,1,0,0
0,1,1,0,0
0,1,1,0,0
0,1,1,0,0
0,1,1,0,0
0,1,1,0,0
0,1,1,0,0
0,1,1,0,0
0,1,1,0,0
0,1,1,0,0
0,1,1,0,0
0,1,1,0,0
0,1,1,0,0
0,1,1,0,0
0,1,1,0,0
0,1,1,0,0
0,1,1,0,0
0,1,1,0,0
0,1,1,0,0
0,1,1,0,0
1,1,1,0,0
1,1,1,0,0
1,1,1,0,0
1,1,1,0,0
1,1,1,0,0
1,1,1,0,0
1,1,1,0,0
1,1,1,0,0
1,1,1,0,0
1,1,1,0,0
1,1,1,0,0
1,1,1,0,0
1,1,1,0,0
1,1,1,0,0
1,1,1,0,0
1,1,1,0,0
1,1,1,0,0
1,1,1,0,0
1,1,1,0,0
1,1,1,0,0
1,1,1,0,0
1,1,1,0,0
1,1,1,0,0
1,1,1,0,0
1,1,1,0,0
0,1,1,0,0
0,1,1,0,0
0,1,1,0,0
0,1,1,0,0
0,1,1,0,0
0,1,1,0,0
0,1,1,0,0
0,1,1,0,0
0,1,1,0,0
0,1,1,0,0
0,1,1,0,0
0,1,1,0,0
0,1,1,0,0
0,1,1,0,0
0,1,1,0,0
0,1,1,0,0
0,1,1,0,0
0,1,1,0,0
0,1,1,0,0
0,1,1,0,0
0,1,1,0,0
0,1,1,0,0
0,1,1,0,0
0,1,1,0,0
0,1,1,0,0
1,1,1,0,0
1,1,1,0,0
1,1,1,0,0
1,1,1,0,0
1,1,1,0,0
1,1,1,0,0
1,1,1,0,0
1,1,1,0,0
1,1,1,0,0
1,1,1,0,0
1,1,1,0,0
1,1,1,0,0
1,1,1,0,0
1,1,1,0,0
1,1,1,0,0
1,1,1,0,0
1,1,1,0,0
1,1,1,0,0
1,1,1,0,0
1,1,1,0,0
1,1,1,0,0
1,1,1,0,0
1,1,1,0,0
1,1,1,0,0
1,1,1,0,0
0,1,0,0,0
0,1,0,0,0
0,1,0,0,0
0,1,0,0,0
0,1,0,0,0
0,1,0,0,0
0,1,0,0,0
0,1,0,0,0
0,1,0,0,0
0,1,0,0,0
0,1,0,0,0
0,1,0,0,0
0,1,0,0,0
0,1,0,0,0
0,1,0,0,0
0,1,0,0,0
0,1,0,0,0
0,1,0,0,0
0,1,0,0,0
0,1,0,0,0
0,1,0,0,0
0,1,0,0,0
0,1,0,0,0
0,1,0,0,0
0,1,0,0,0
1,1,0,0,0
1,1,0,0,0
1,1,0,0,0
1,1,0,0,0
1,1,0,0,0
1,1,0,0,0
1,1,0,0,0
1,1,0,0,0
1,1,0,0,0
1,1,0,0,0
1,1,0,0,0
1,1,0,0,0
1,1,0,0,0
1,1,0,0,0
1,1,0,0,0
1,1,0,0,0
1,1,0,0,0
1,1,0,0,0
1,1,0,0,0
1,1,0,0,0
1,1,0,0,0
1,1,0,0,0
1,1,0,0,0
1,1,0,0,0
1,1,0,0,0
0,1,1,0,0
0,1,1,0,0
0,1,1,0,0
0,1,1,0,0
0,1,1,0,0
0,1,1,0,0
0,1,1,0,0
0,1,1,0,0
0,1,1,0,0
0,1,1,0,0
0,1,1,0,0
0,1,1,0,0
0,1,1,0,0
0,1,1,0,0
0,1,1,0,0
0,1,1,0,0
0,1,1,0,0
0,1,1,0,0
0,1,1,0,0
0,1,1,0,0
0,1,1,0,0
0,1,1,0,0
0,1,1,0,0
0,1,1,0,0
0,1,1,0,0
1,1,1,0,0
1,1,1,0,0
1,1,1,0,0
1,1,1,0,0
1,1,1,0,0
1,1,1,0,0
1,1,1,0,0
1,1,1,0,0
1,1,1,0,0
1,1,1,0,0
1,1,1,0,0
1,1,1,0,0
1,1,1,0,0
1,1,1,0,0
1,1,1,0,0
1,1,1,0,0
1,1,1,0,0
1,1,1,0,0
1,1,1,0,0
1,1,1,0,0
1,1,1,0,0
1,1,1,0,0
1,1,1,0,0
1,1,1,0,0
1,1,1,0,0
0,1,1,0,0
0,1,1,0,0
0,1,1,0,0
0,1,1,0,0
0,1,1,0,0
0,1,1,0,0
0,1,1,0,0
0,1,1,0,0
0,1,1,0,0
0,1,1,0,0
0,1,1,0,0
0,1,1,0,0
0,1,1,0,0
0,1,1,0,0
0,1,1,0,0
0,1,1,0,0
0,1,1,0,0
0,1,1,0,0
0,1,1,0,0
0,1,1,0,0
0,1,1,0,0
0,1,1,0,0
0,1,1,0,0
0,1,1,0,0
0,1,1,0,0
1,1,1,0,0
1,1,1,0,0
1,1,1,0,0
1,1,1,0,0
1,1,1,0,0
1,1,1,0,0
1,1,1,0,0
1,1,1,0,0
1,1,1,0,0
1,1,1,0,0
1,1,1,0,0
1,1,1,0,0
1,1,1,0,0
1,1,1,0,0
1,1,1,0,0
1,1,1,0,0
1,1,1,0,0
1,1,1,0,0
1,1,1,0,0
1,1,1,0,0
1,1,1,0,0
1,1,1,0,0
1,1,1,0,0
1,1,1,0,0
1,1,1,0,0
0,1,1,0,0
0,1,1,0,0
0,1,1,0,0
0,1,1,0,0
0,1,1,0,0
0,1,1,0,0
0,1,1,0,0
0,1,1,0,0
0,1,1,0,0
0,1,1,0,0
0,1,1,0,0
0,1,1,0,0
0,1,1,0,0
0,1,1,0,0
0,1,1,0,0
0,1,1,0,0
0,1,1,0,0
0,1,1,0,0
0,1,1,0,0
0,1,1,0,0
0,1,1,0,0
0,1,1,0,0
0,1,1,0,0
0,1,1,0,0
0,1,1,0,0
1,1,1,0,0
1,1,1,0,0
1,1,1,0,0
1,1,1,0,0
1,1,1,0,0
1,1,1,0,0
1,1,1,0,0
1,1,1,0,0
1,1,1,0,0
1,1,1,0,0
1,1,1,0,0
1,1,1,0,0
1,1,1,0,0
1,1,1,0,0
1,1,1,0,0
1,1,1,0,0
1,1,1,0,0
1,1,1,0,0
1,1,1,0,0
1,1,1,0,0
1,1,1,0,0
1,1,1,0,0
1,1,1,0,0
1,1,1,0,0
1,1,1,0,0
0,1,0,0,0
0,1,0,0,0
0,1,0,0,0
0,1,0,0,0
0,1,0,0,0
0,1,0,0,0
0,1,0,0,0
0,1,0,0,0
0,1,0,0,0
0,1,0,0,0
0,1,0,0,0
0,1,0,0,0
0,1,0,0,0
0,1,0,0,0
0,1,0,0,0
0,1,0,0,0
0,1,0,0,0
0,1,0,0,0
0,1,0,0,0
0,1,0,0,0
0,1,0,0,0
0,1,0,0,0
0,1,0,0,0
0,1,0,0,0
0,1,0,0,0
1,1,0,0,0
1,1,0,0,0
1,1,0,0,0
1,1,0,0,0
1,1,0,0,0
1,1,0,0,0
1,1,0,0,0
1,1,0,0,0
1,1,0,0,0
1,1,0,0,0
1,1,0,0,0
1,1,0,0,0
1,1,0,0,0
1,1,0,0,0
1,1,0,0,0
1,1,0,0,0
1,1,0,0,0
1,1,0,0,0
1,1,0,0,0
1,1,0,0,0
1,1,0,0,0
1,1,0,0,0
1,1,0,0,0
1,1,0,0,0
1,1,0,0,0
0,1,1,0,0
0,1,1,0,0
0,1,1,0,0
0,1,1,0,0
0,1,1,0,0
0,1,1,0,0
0,1,1,0,0
0,1,1,0,0
0,1,1,0,0
0,1,1,0,0
0,1,1,0,0
0,1,1,0,0
0,1,1,0,0
0,1,1,0,0
0,1,1,0,0
0,1,1,0,0
0,1,1,0,0
0,1,1,0,0
0,1,1,0,0
0,1,1,0,0
0,1,1,0,0
0,1,1,0,0
0,1,1,0,0
0,1,1,0,0
0,1,1,0,0
1,1,1,0,0
1,1,1,0,0
1,1,1,0,0
1,1,1,0,0
1,1,1,0,0
1,1,1,0,0
1,1,1,0,0
1,1,1,0,0
1,1,1,0,0
1,1,1,0,0
1,1,1,0,0
1,1,1,0,0
1,1,1,0,0
1,1,1,0,0
1,1,1,0,0
1,1,1,0,0
1,1,1,0,0
1,1,1,0,0
1,1,1,0,0
1,1,1,0,0
1,1,1,0,0
1,1,1,0,0
1,1,1,0,0
1,1,1,0,0
1,1,1,0,0
0,1,1,0,0
0,1,1,0,0
0,1,1,0,0
0,1,1,0,0
0,1,1,0,0
0,1,1,0,0
0,1,1,0,0
0,1,1,0,0
0,1,1,0,0
0,1,1,0,0
0,1,1,0,0
0,1,1,0,0
0,1,1,0,0
0,1,1,0,0
0,1,1,0,0
0,1,1,0,0
0,1,1,0,0
0,1,1,0,0
0,1,1,0,0
0,1,1,0,0
0,1,1,0,0
0,1,1,0,0
0,1,1,0,0
0,1,1,0,0
0,1,1,0,0
1,1,1,0,0
1,1,1,0,0
1,1,1,0,0
1,1,1,0,0
1,1,1,0,0
1,1,1,0,0
1,1,1,0,0
1,1,1,0,0
1,1,1,0,0
1,1,1,0,0
1,1,1,0,0
1,1,1,0,0
1,1,1,0,0
1,1,1,0,0
1,1,1,0,0
1,1,1,0,0
1,1,1,0,0
1,1,1,0,0
1,1,1,0,0
1,1,1,0,0
1,1,1,0,0
1,1,1,0,0
1,1,1,0,0
1,1,1,0,0
1,1,1,0,0
0,1,0,0,0
0,1,0,0,0
0,1,0,0,0
0,1,0,0,0
0,1,0,0,0
0,1,0,0,0
0,1,0,0,0
0,1,0,0,0
0,1,0,0,0
0,1,0,0,0
0,1,0,0,0
0,1,0,0,0
0,1,0,0,0
0,1,0,0,0
0,1,0,0,0
0,1,0,0,0
0,1,0,0,0
0,1,0,0,0
0,1,0,0,0
0,1,0,0,0
0,1,0,0,0
0,1,0,0,0
0,1,0,0,0
0,1,0,0,0
0,1,0,0,0
1,1,0,0,0
1,1,0,0,0
1,1,0,0,0
1,1,0,0,0
1,1,0,0,0
1,1,0,0,0
1,1,0,0,0
1,1,0,0,0
1,1,0,0,0
1,1,0,0,0
1,1,0,0,0
1,1,0,0,0
1,1,0,0,0
1,1,0,0,0
1,1,0,0,0
1,1,0,0,0
1,1,0,0,0
1,1,0,0,0
1,1,0,0,0
1,1,0,0,0
1,1,0,0,0
1,1,0,0,0
1,1,0,0,0
1,1,0,0,0
1,1,0,0,0
0,1,1,0,0
0,1,1,0,0
0,1,1,0,0
0,1,1,0,0
0,1,1,0,0
0,1,1,0,0
0,1,1,0,0
0,1,1,0,0
0,1,1,0,0
0,1,1,0,0
0,1,1,0,0
0,1,1,0,0
0,1,1,0,0
0,1,1,0,0
0,1,1,0,0
0,1,1,0,0
0,1,1,0,0
0,1,1,0,0
0,1,1,0,0
0,1,1,0,0
0,1,1,0,0
0,1,1,0,0
0,1,1,0,0
0,1,1,0,0
0,1,1,0,0
1,1,1,0,0
1,1,1,0,0
1,1,1,0,0
1,1,1,0,0
1,1,1,0,0
1,1,1,0,0
1,1,1,0,0
1,1,1,0,0
1,1,1,0,0
1,1,1,0,0
1,1,1,0,0
1,1,1,0,0
1,1,1,0,0
1,1,1,0,0
1,1,1,0,0
1,1,1,0,0
1,1,1,0,0
1,1,1,0,0
1,1,1,0,0
1,1,1,0,0
1,1,1,0,0
1,1,1,0,0
1,1,1,0,0
1,1,1,0,0
1,1,1,0,0
0,1,1,0,0
0,1,1,0,0
0,1,1,0,0
0,1,1,0,0
0,1,1,0,0
0,1,1,0,0
0,1,1,0,0
0,1,1,0,0
0,1,1,0,0
0,1,1,0,0
0,1,1,0,0
0,1,1,0,0
0,1,1,0,0
0,1,1,0,0
0,1,1,0,0
0,1,1,0,0
0,1,1,0,0
0,1,1,0,0
0,1,1,0,0
0,1,1,0,0
0,1,1,0,0
0,1,1,0,0
0,1,1,0,0
0,1,1,0,0
0,1,1,0,0
1,1,1,0,0
1,1,1,0,0
1,1,1,0,0
1,1,1,0,0
1,1,1,0,0
1,1,1,0,0
1,1,1,0,0
1,1,1,0,0
1,1,1,0,0
1,1,1,0,0
1,1,1,0,0
1,1,1,0,0
1,1,1,0,0
1,1,1,0,0
1,1,1,0,0
1,1,1,0,0
1,1,1,0,0
1,1,1,0,0
1,1,1,0,0
1,1,1,0,0
1,1,1,0,0
1,1,1,0,0
1,1,1,0,0
1,1,1,0,0
1,1,1,0,0
0,1,1,0,0
0,1,1,0,0
0,1,1,0,0
0,1,1,0,0
0,1,1,0,0
0,1,1,0,0
0,1,1,0,0
0,1,1,0,0
0,1,1,0,0
0,1,1,0,0
0,1,1,0,0
0,1,1,0,0
0,1,1,0,0
0,1,1,0,0
0,1,1,0,0
0,1,1,0,0
0,1,1,0,0
0,1,1,0,0
0,1,1,0,0
0,1,1,0,0
0,1,1,0,0
0,1,1,0,0
0,1,1,0,0
0,1,1,0,0
0,1,1,0,0
1,1,1,0,0
1,1,1,0,0
1,1,1,0,0
1,1,1,0,0
1,1,1,0,0
1,1,1,0,0
1,1,1,0,0
1,1,1,0,0
1,1,1,0,0
1,1,1,0,0
1,1,1,0,0
1,1,1,0,0
1,1,1,0,0
1,1,1,0,0
1,1,1,0,0
1,1,1,0,0
1,1,1,0,0
1,1,1,0,0
1,1,1,0,0
1,1,1,0,0
1,1,1,0,0
1,1,1,0,0
1,1,1,0,0
1,1,1,0,0
1,1,1,0,0
0,1,0,0,0
0,1,0,0,0
0,1,0,0,0
0,1,0,0,0
0,1,0,0,0
0,1,0,0,0
0,1,0,0,0
0,1,0,0,0
0,1,0,0,0
0,1,0,0,0
0,1,0,0,0
0,1,0,0,0
0,1,0,0,0
0,1,0,0,0
0,1,0,0,0
0,1,0,0,0
0,1,0,0,0
0,1,0,0,0
0,1,0,0,0
0,1,0,0,0
0,1,0,0,0
0,1,0,0,0
0,1,0,0,0
0,1,0,0,0
0,1,0,0,0
1,1,0,0,0
1,1,0,0,0
1,1,0,0,0
1,1,0,0,0
1,1,0,0,0
1,1,0,0,0
1,1,0,0,0
1,1,0,0,0
1,1,0,0,0
1,1,0,0,0
1,1,0,0,0
1,1,0,0,0
1,1,0,0,0
1,1,0,0,0
1,1,0,0,0
1,1,0,0,0
1,1,0,0,0
1,1,0,0,0
1,1,0,0,0
1,1,0,0,0
1,1,0,0,0
1,1,0,0,0
1,1,0,0,0
1,1,0,0,0
1,1,0,0,0
0,1,1,0,0
0,1,1,0,0
0,1,1,0,0
0,1,1,0,0
0,1,1,0,0
0,1,1,0,0
0,1,1,0,0
0,1,1,0,0
0,1,1,0,0
0,1,1,0,0
0,1,1,0,0
0,1,1,0,0
0,1,1,0,0
0,1,1,0,0
0,1,1,0,0
0,1,1,0,0
0,1,1,0,0
0,1,1,0,0
0,1,1,0,0
0,1,1,0,0
0,1,1,0,0
0,1,1,0,0
0,1,1,0,0
0,1,1,0,0
0,1,1,0,0
1,1,1,0,0
1,1,1,0,0
1,1,1,0,0
1,1,1,0,0
1,1,1,0,0
1,1,1,0,0
1,1,1,0,0
1,1,1,0,0
1,1,1,0,0
1,1,1,0,0
1,1,1,0,0
1,1,1,0,0
1,1,1,0,0
1,1,1,0,0
1,1,1,0,0
1,1,1,0,0
1,1,1,0,0
1,1,1,0,0
1,1,1,0,0
1,1,1,0,0
1,1,1,0,0
1,1,1,0,0
1,1,1,0,0
1,1,1,0,0
1,1,1,0,0
0,1,1,0,0
0,1,1,0,0
0,1,1,0,0
0,1,1,0,0
0,1,1,0,0
0,1,1,0,0
0,1,1,0,0
0,1,1,0,0
0,1,1,0,0
0,1,1,0,0
0,1,1,0,0
0,1,1,0,0
0,1,1,0,0
0,1,1,0,0
0,1,1,0,0
0,1,1,0,0
0,1,1,0,0
0,1,1,0,0
0,1,1,0,0
0,1,1,0,0
0,1,1,0,0
0,1,1,0,0
0,1,1,0,0
0,1,1,0,0
0,1,1,0,0
1,1,1,0,0
1,1,1,0,0
1,1,1,0,0
1,1,1,0,0
1,1,1,0,0
1,1,1,0,0
1,1,1,0,0
1,1,1,0,0
1,1,1,0,0
1,1,1,0,0
1,1,1,0,0
1,1,1,0,0
1,1,1,0,0
1,1,1,0,0
1,1,1,0,0
1,1,1,0,0
1,1,1,0,0
1,1,1,0,0
1,1,1,0,0
1,1,1,0,0
1,1,1,0,0
1,1,1,0,0
1,1,1,0,0
1,1,1,0,0
1,1,1,0,0
0,1,0,0,0
0,1,0,0,0
0,1,0,0,0
0,1,0,0,0
0,1,0,0,0
0,1,0,0,0
0,1,0,0,0
0,1,0,0,0
0,1,0,0,0
0,1,0,0,0
0,1,0,0,0
0,1,0,0,0
0,1,0,0,0
0,1,0,0,0
0,1,0,0,0
0,1,0,0,0
0,1,0,0,0
0,1,0,0,0
0,1,0,0,0
0,1,0,0,0
0,1,0,0,0
0,1,0,0,0
0,1,0,0,0
0,1,0,0,0
0,1,0,0,0
1,1,0,0,0
1,1,0,0,0
1,1,0,0,0
1,1,0,0,0
1,1,0,0,0
1,1,0,0,0
1,1,0,0,0
1,1,0,0,0
1,1,0,0,0
1,1,0,0,0
1,1,0,0,0
1,1,0,0,0
1,1,0,0,0
1,1,0,0,0
1,1,0,0,0
1,1,0,0,0
1,1,0,0,0
1,1,0,0,0
1,1,0,0,0
1,1,0,0,0
1,1,0,0,0
1,1,0,0,0
1,1,0,0,0
1,1,0,0,0
1,1,0,0,0
0,1,1,0,0
0,1,1,0,0
0,1,1,0,0
0,1,1,0,0
0,1,1,0,0
0,1,1,0,0
0,1,1,0,0
0,1,1,0,0
0,1,1,0,0
0,1,1,0,0
0,1,1,0,0
0,1,1,0,0
0,1,1,0,0
0,1,1,0,0
0,1,1,0,0
0,1,1,0,0
0,1,1,0,0
0,1,1,0,0
0,1,1,0,0
0,1,1,0,0
0,1,1,0,0
0,1,1,0,0
0,1,1,0,0
0,1,1,0,0
0,1,1,0,0
1,1,1,0,0
1,1,1,0,0
1,1,1,0,0
1,1,1,0,0
1,1,1,0,0
1,1,1,0,0
1,1,1,0,0
1,1,1,0,0
1,1,1,0,0
1,1,1,0,0
1,1,1,0,0
1,1,1,0,0
1,1,1,0,0
1,1,1,0,0
1,1,1,0,0
1,1,1,0,0
1,1,1,0,0
1,1,1,0,0
1,1,1,0,0
1,1,1,0,0
1,1,1,0,0
1,1,1,0,0
1,1,1,0,0
1,1,1,0,0
1,1,1,0,0
0,1,1,0,0
0,1,1,0,0
0,1,1,0,0
0,1,1,0,0
0,1,1,0,0
0,1,1,0,0
0,1,1,0,0
0,1,1,0,0
0,1,1,0,0
0,1,1,0,0
0,1,1,0,0
0,1,1,0,0
0,1,1,0,0
0,1,1,0,0
0,1,1,0,0
0,1,1,0,0
0,1,1,0,0
0,1,1,0,0
0,1,1,0,0
0,1,1,0,0
0,1,1,0,0
0,1,1,0,0
0,1,1,0,0
0,1,1,0,0
0,1,1,0,0
1,1,1,0,0
1,1,1,0,0
1,1,1,0,0
1,1,1,0,0
1,1,1,0,0
1,1,1,0,0
1,1,1,0,0
1,1,1,0,0
1,1,1,0,0
1,1,1,0,0
1,1,1,0,0
1,1,1,0,0
1,1,1,0,0
1,1,1,0,0
1,1,1,0,0
1,1,1,0,0
1,1,1,0,0
1,1,1,0,0
1,1,1,0,0
1,1,1,0,0
1,1,1,0,0
1,1,1,0,0
1,1,1,0,0
1,1,1,0,0
1,1,1,0,0
0,1,1,0,0
0,1,1,0,0
0,1,1,0,0
0,1,1,0,0
0,1,1,0,0
0,1,1,0,0
0,1,1,0,0
0,1,1,0,0
0,1,1,0,0
0,1,1,0,0
0,1,1,0,0
0,1,1,0,0
0,1,1,0,0
0,1,1,0,0
0,1,1,0,0
0,1,1,0,0
0,1,1,0,0
0,1,1,0,0
0,1,1,0,0
0,1,1,0,0
0,1,1,0,0
0,1,1,0,0
0,1,1,0,0
0,1,1,0,0
0,1,1,0,0
1,1,1,0,0
1,1,1,0,0
1,1,1,0,0
1,1,1,0,0
1,1,1,0,0
1,1,1,0,0
1,1,1,0,0
1,1,1,0,0
1,1,1,0,0
1,1,1,0,0
1,1,1,0,0
1,1,1,0,0
1,1,1,0,0
1,1,1,0,0
1,1,1,0,0
1,1,1,0,0
1,1,1,0,0
1,1,1,0,0
1,1,1,0,0
1,1,1,0,0
1,1,1,0,0
1,1,1,0,0
1,1,1,0,0
1,1,1,0,0
1,1,1,0,0
0,1,0,0,0
0,1,0,0,0
0,1,0,0,0
0,1,0,0,0
0,1,0,0,0
0,1,0,0,0
0,1,0,0,0
0,1,0,0,0
0,1,0,0,0
0,1,0,0,0
0,1,0,0,0
0,1,0,0,0
0,1,0,0,0
0,1,0,0,0
0,1,0,0,0
0,1,0,0,0
0,1,0,0,0
0,1,0,0,0
0,1,0,0,0
0,1,0,0,0
0,1,0,0,0
0,1,0,0,0
0,1,0,0,0
0,1,0,0,0
0,1,0,0,0
1,1,0,0,0
1,1,0,0,0
1,1,0,0,0
1,1,0,0,0
1,1,0,0,0
1,1,0,0,0
1,1,0,0,0
1,1,0,0,0
1,1,0,0,0
1,1,0,0,0
1,1,0,0,0
1,1,0,0,0
1,1,0,0,0
1,1,0,0,0
1,1,0,0,0
1,1,0,0,0
1,1,0,0,0
1,1,0,0,0
1,1,0,0,0
1,1,0,0,0
1,1,0,0,0
1,1,0,0,0
1,1,0,0,0
1,1,0,0,0
1,1,0,0,0
0,1,1,0,0
0,1,1,0,0
0,1,1,0,0
0,1,1,0,0
0,1,1,0,0
0,1,1,0,0
0,1,1,0,0
0,1,1,0,0
0,1,1,0,0
0,1,1,0,0
0,1,1,0,0
0,1,1,0,0
0,1,1,0,0
0,1,1,0,0
0,1,1,0,0
0,1,1,0,0
0,1,1,0,0
0,1,1,0,0
0,1,1,0,0
0,1,1,0,0
0,1,1,0,0
0,1,1,0,0
0,1,1,0,0
0,1,1,0,0
0,1,1,0,0
1,1,1,0,0
1,1,1,0,0
1,1,1,0,0
1,1,1,0,0
1,1,1,0,0
1,1,1,0,0
1,1,1,0,0
1,1,1,0,0
1,1,1,0,0
1,1,1,0,0
1,1,1,0,0
1,1,1,0,0
1,1,1,0,0
1,1,1,0,0
1,1,1,0,0
1,1,1,0,0
1,1,1,0,0
1,1,1,0,0
1,1,1,0,0
1,1,1,0,0
1,1,1,0,0
1,1,1,0,0
1,1,1,0,0
1,1,1,0,0
1,1,1,0,0
0,1,1,0,0
0,1,1,0,0
0,1,1,0,0
0,1,1,0,0
0,1,1,0,0
0,1,1,0,0
0,1,1,0,0
0,1,1,0,0
0,1,1,0,0
0,1,1,0,0
0,1,1,0,0
0,1,1,0,0
0,1,1,0,0
0,1,1,0,0
0,1,1,0,0
0,1,1,0,0
0,1,1,0,0
0,1,1,0,0
0,1,1,0,0
0,1,1,0,0
0,1,1,0,0
0,1,1,0,0
0,1,1,0,0
0,1,1,0,0
0,1,1,0,0
1,1,1,0,0
1,1,1,0,0
1,1,1,0,0
1,1,1,0,0
1,1,1,0,0
1,1,1,0,0
1,1,1,0,0
1,1,1,0,0
1,1,1,0,0
1,1,1,0,0
1,1,1,0,0
1,1,1,0,0
1,1,1,0,0
1,1,1,0,0
1,1,1,0,0
1,1,1,0,0
1,1,1,0,0
1,1,1,0,0
1,1,1,0,0
1,1,1,0,0
1,1,1,0,0
1,1,1,0,0
1,1,1,0,0
1,1,1,0,0
1,1,1,0,0
0,1,0,0,0
0,1,0,0,0
0,1,0,0,0
0,1,0,0,0
0,1,0,0,0
0,1,0,0,0
0,1,0,0,0
0,1,0,0,0
0,1,0,0,0
0,1,0,0,0
0,1,0,0,0
0,1,0,0,0
0,1,0,0,0
0,1,0,0,0
0,1,0,0,0
0,1,0,0,0
0,1,0,0,0
0,1,0,0,0
0,1,0,0,0
0,1,0,0,0
0,1,0,0,0
0,1,0,0,0
0,1,0,0,0
0,1,0,0,0
0,1,0,0,0
1,1,0,0,0
1,1,0,0,0
1,1,0,0,0
1,1,0,0,0
1,1,0,0,0
1,1,0,0,0
1,1,0,0,0
1,1,0,0,0
1,1,0,0,0
1,1,0,0,0
1,1,0,0,0
1,1,0,0,0
1,1,0,0,0
1,1,0,0,0
1,1,0,0,0
1,1,0,0,0
1,1,0,0,0
1,1,0,0,0
1,1,0,0,0
1,1,0,0,0
1,1,0,0,0
1,1,0,0,0
1,1,0,0,0
1,1,0,0,0
1,1,0,0,0
0,1,1,0,0
0,1,1,0,0
0,1,1,0,0
0,1,1,0,0
0,1,1,0,0
0,1,1,0,0
0,1,1,0,0
0,1,1,0,0
0,1,1,0,0
0,1,1,0,0
0,1,1,0,0
0,1,1,0,0
0,1,1,0,0
0,1,1,0,0
0,1,1,0,0
0,1,1,0,0
0,1,1,0,0
0,1,1,0,0
0,1,1,0,0
0,1,1,0,0
0,1,1,0,0
0,1,1,0,0
0,1,1,0,0
0,1,1,0,0
0,1,1,0,0
1,1,1,0,0
1,1,1,0,0
1,1,1,0,0
1,1,1,0,0
1,1,1,0,0
1,1,1,0,0
1,1,1,0,0
1,1,1,0,0
1,1,1,0,0
1,1,1,0,0
1,1,1,0,0
1,1,1,0,0
1,1,1,0,0
1,1,1,0,0
1,1,1,0,0
1,1,1,0,0
1,1,1,0,0
1,1,1,0,0
1,1,1,0,0
1,1,1,0,0
1,1,1,0,0
1,1,1,0,0
1,1,1,0,0
1,1,1,0,0
1,1,1,0,0
0,1,1,0,0
0,1,1,0,0
0,1,1,0,0
0,1,1,0,0
0,1,1,0,0
0,1,1,0,0
0,1,1,0,0
0,1,1,0,0
0,1,1,0,0
0,1,1,0,0
0,1,1,0,0
0,1,1,0,0
0,1,1,0,0
0,1,1,0,0
0,1,1,0,0
0,1,1,0,0
0,1,1,0,0
0,1,1,0,0
0,1,1,0,0
0,1,1,0,0
0,1,1,0,0
0,1,1,0,0
0,1,1,0,0
0,1,1,0,0
0,1,1,0,0
1,1,1,0,0
1,1,1,0,0
1,1,1,0,0
1,1,1,0,0
1,1,1,0,0
1,1,1,0,0
1,1,1,0,0
1,1,1,0,0
1,1,1,0,0
1,1,1,0,0
1,1,1,0,0
1,1,1,0,0
1,1,1,0,0
1,1,1,0,0
1,1,1,0,0
1,1,1,0,0
1,1,1,0,0
1,1,1,0,0
1,1,1,0,0
1,1,1,0,0
1,1,1,0,0
1,1,1,0,0
1,1,1,0,0
1,1,1,0,0
1,1,1,0,0
0,1,1,0,0
0,1,1,0,0
0,1,1,0,0
0,1,1,0,0
0,1,1,0,0
0,1,1,0,0
0,1,1,0,0
0,1,1,0,0
0,1,1,0,0
0,1,1,0,0
0,1,1,0,0
0,1,1,0,0
0,1,1,0,0
0,1,1,0,0
0,1,1,0,0
0,1,1,0,0
0,1,1,0,0
0,1,1,0,0
0,1,1,0,0
0,1,1,0,0
0,1,1,0,0
0,1,1,0,0
0,1,1,0,0
0,1,1,0,0
0,1,1,0,0
1,1,1,0,0
1,1,1,0,0
1,1,1,0,0
1,1,1,0,0
1,1,1,0,0
1,1,1,0,0
1,1,1,0,0
1,1,1,0,0
1,1,1,0,0
1,1,1,0,0
1,1,1,0,0
1,1,1,0,0
1,1,1,0,0
1,1,1,0,0
1,1,1,0,0
1,1,1,0,0
1,1,1,0,0
1,1,1,0,0
1,1,1,0,0
1,1,1,0,0
1,1,1,0,0
1,1,1,0,0
1,1,1,0,0
1,1,1,0,0
1,1,1,0,0
0,1,0,0,0
0,1,0,0,0
0,1,0,0,0
0,1,0,0,0
0,1,0,0,0
0,1,0,0,0
0,1,0,0,0
0,1,0,0,0
0,1,0,0,0
0,1,0,0,0
0,1,0,0,0
0,1,0,0,0
0,1,0,0,0
0,1,0,0,0
0,1,0,0,0
0,1,0,0,0
0,1,0,0,0
0,1,0,0,0
0,1,0,0,0
0,1,0,0,0
0,1,0,0,0
0,1,0,0,0
0,1,0,0,0
0,1,0,0,0
0,1,0,0,0
1,1,0,0,0
1,1,0,0,0
1,1,0,0,0
1,1,0,0,0
1,1,0,0,0
1,1,0,0,0
1,1,0,0,0
1,1,0,0,0
1,1,0,0,0
1,1,0,0,0
1,1,0,0,0
1,1,0,0,0
1,1,0,0,0
1,1,0,0,0
1,1,0,0,0
1,1,0,0,0
1,1,0,0,0
1,1,0,0,0
1,1,0,0,0
1,1,0,0,0
1,1,0,0,0
1,1,0,0,0
1,1,0,0,0
1,1,0,0,0
1,1,0,0,0
0,1,1,0,0
0,1,1,0,0
0,1,1,0,0
0,1,1,0,0
0,1,1,0,0
0,1,1,0,0
0,1,1,0,0
0,1,1,0,0
0,1,1,0,0
0,1,1,0,0
0,1,1,0,0
0,1,1,0,0
0,1,1,0,0
0,1,1,0,0
0,1,1,0,0
0,1,1,0,0
0,1,1,0,0
0,1,1,0,0
0,1,1,0,0
0,1,1,0,0
0,1,1,0,0
0,1,1,0,0
0,1,1,0,0
0,1,1,0,0
0,1,1,0,0
1,1,1,0,0
1,1,1,0,0
1,1,1,0,0
1,1,1,0,0
1,1,1,0,0
1,1,1,0,0
1,1,1,0,0
1,1,1,0,0
1,1,1,0,0
1,1,1,0,0
1,1,1,0,0
1,1,1,0,0
1,1,1,0,0
1,1,1,0,0
1,1,1,0,0
1,1,1,0,0
1,1,1,0,0
1,1,1,0,0
1,1,1,0,0
1,1,1,0,0
1,1,1,0,0
1,1,1,0,0
1,1,1,0,0
1,1,1,0,0
1,1,1,0,0
0,1,1,0,0
0,1,1,0,0
0,1,1,0,0
0,1,1,0,0
0,1,1,0,0
0,1,1,0,0
0,1,1,0,0
0,1,1,0,0
0,1,1,0,0
0,1,1,0,0
0,1,1,0,0
0,1,1,0,0
0,1,1,0,0
0,1,1,0,0
0,1,1,0,0
0,1,1,0,0
0,1,1,0,0
0,1,1,0,0
0,1,1,0,0
0,1,1,0,0
0,1,1,0,0
0,1,1,0,0
0,1,1,0,0
0,1,1,0,0
0,1,1,0,0
1,1,1,0,0
1,1,1,0,0
1,1,1,0,0
1,1,1,0,0
1,1,1,0,0
1,1,1,0,0
1,1,1,0,0
1,1,1,0,0
1,1,1,0,0
1,1,1,0,0
1,1,1,0,0
1,1,1,0,0
1,1,1,0,0
1,1,1,0,0
1,1,1,0,0
1,1,1,0,0
1,1,1,0,0
1,1,1,0,0
1,1,1,0,0
1,1,1,0,0
1,1,1,0,0
1,1,1,0,0
1,1,1,0,0
1,1,1,0,0
1,1,1,0,0
0,1,0,0,0
0,1,0,0,0
0,1,0,0,0
0,1,0,0,0
0,1,0,0,0
0,1,0,0,0
0,1,0,0,0
0,1,0,0,0
0,1,0,0,0
0,1,0,0,0
0,1,0,0,0
0,1,0,0,0
0,1,0,0,0
0,1,0,0,0
0,1,0,0,0
0,1,0,0,0
0,1,0,0,0
0,1,0,0,0
0,1,0,0,0
0,1,0,0,0
0,1,0,0,0
0,1,0,0,0
0,1,0,0,0
0,1,0,0,0
0,1,0,0,0
1,1,0,0,0
1,1,0,0,0
1,1,0,0,0
1,1,0,0,0
1,1,0,0,0
1,1,0,0,0
1,1,0,0,0
1,1,0,0,0
1,1,0,0,0
1,1,0,0,0
1,1,0,0,0
1,1,0,0,0
1,1,0,0,0
1,1,0,0,0
1,1,0,0,0
1,1,0,0,0
1,1,0,0,0
1,1,0,0,0
1,1,0,0,0
1,1,0,0,0
1,1,0,0,0
1,1,0,0,0
1,1,0,0,0
1,1,0,0,0
1,1,0,0,0
0,1,1,0,0
0,1,1,0,0
0,1,1,0,0
0,1,1,0,0
0,1,1,0,0
0,1,1,0,0
0,1,1,0,0
0,1,1,0,0
0,1,1,0,0
0,1,1,0,0
0,1,1,0,0
0,1,1,0,0
0,1,1,0,0
0,1,1,0,0
0,1,1,0,0
0,1,1,0,0
0,1,1,0,0
0,1,1,0,0
0,1,1,0,0
0,1,1,0,0
0,1,1,0,0
0,1,1,0,0
0,1,1,0,0
0,1,1,0,0
0,1,1,0,0
1,1,1,0,0
1,1,1,0,0
1,1,1,0,0
1,1,1,0,0
1,1,1,0,0
1,1,1,0,0
1,1,1,0,0
1,1,1,0,0
1,1,1,0,0
1,1,1,0,0
1,1,1,0,0
1,1,1,0,0
1,1,1,0,0
1,1,1,0,0
1,1,1,0,0
1,1,1,0,0
1,1,1,0,0
1,1,1,0,0
1,1,1,0,0
1,1,1,0,0
1,1,1,0,0
1,1,1,0,0
1,1,1,0,0
1,1,1,0,0
1,1,1,0,0
0,1,0,0,0
0,1,0,0,0
0,1,0,0,0
0,1,0,0,0
0,1,0,0,0
0,1,0,0,0
0,1,0,0,0
0,1,0,0,0
0,1,0,0,0
0,1,0,0,0
0,1,0,0,0
0,1,0,0,0
0,1,0,0,0
0,1,0,0,0
0,1,0,0,0
0,1,0,0,0
0,1,0,0,0
0,1,0,0,0
0,1,0,0,0
0,1,0,0,0
0,1,0,0,0
0,1,0,0,0
0,1,0,0,0
0,1,0,0,0
0,1,0,0,0
1,1,0,0,0
1,1,0,0,0
1,1,0,0,0
1,1,0,0,0
1,1,0,0,0
1,1,0,0,0
1,1,0,0,0
1,1,0,0,0
1,1,0,0,0
1,1,0,0,0
1,1,0,0,0
1,1,0,0,0
1,1,0,0,0
1,1,0,0,0
1,1,0,0,0
1,1,0,0,0
1,1,0,0,0
1,1,0,0,0
1,1,0,0,0
1,1,0,0,0
1,1,0,0,0
1,1,0,0,0
1,1,0,0,0
1,1,0,0,0
1,1,0,0,0
0,1,1,0,0
0,1,1,0,0
0,1,1,0,0
0,1,1,0,0
0,1,1,0,0
0,1,1,0,0
0,1,1,0,0
0,1,1,0,0
0,1,1,0,0
0,1,1,0,0
0,1,1,0,0
0,1,1,0,0
0,1,1,0,0
0,1,1,0,0
0,1,1,0,0
0,1,1,0,0
0,1,1,0,0
0,1,1,0,0
0,1,1,0,0
0,1,1,0,0
0,1,1,0,0
0,1,1,0,0
0,1,1,0,0
0,1,1,0,0
0,1,1,0,0
1,1,1,0,0
1,1,1,0,0
1,1,1,0,0
1,1,1,0,0
1,1,1,0,0
1,1,1,0,0
1,1,1,0,0
1,1,1,0,0
1,1,1,0,0
1,1,1,0,0
1,1,1,0,0
1,1,1,0,0
1,1,1,0,0
1,1,1,0,0
1,1,1,0,0
1,1,1,0,0
1,1,1,0,0
1,1,1,0,0
1,1,1,0,0
1,1,1,0,0
1,1,1,0,0
1,1,1,0,0
1,1,1,0,0
1,1,1,0,0
1,1,1,0,0
0,1,0,0,0
0,1,0,0,0
0,1,0,0,0
0,1,0,0,0
0,1,0,0,0
0,1,0,0,0
0,1,0,0,0
0,1,0,0,0
0,1,0,0,0
0,1,0,0,0
0,1,0,0,0
0,1,0,0,0
0,1,0,0,0
0,1,0,0,0
0,1,0,0,0
0,1,0,0,0
0,1,0,0,0
0,1,0,0,0
0,1,0,0,0
0,1,0,0,0
0,1,0,0,0
0,1,0,0,0
0,1,0,0,0
0,1,0,0,0
0,1,0,0,0
1,1,0,0,0
1,1,0,0,0
1,1,0,0,0
1,1,0,0,0
1,1,0,0,0
1,1,0,0,0
1,1,0,0,0
1,1,0,0,0
1,1,0,0,0
1,1,0,0,0
1,1,0,0,0
1,1,0,0,0
1,1,0,0,0
1,1,0,0,0
1,1,0,0,0
1,1,0,0,0
1,1,0,0,0
1,1,0,0,0
1,1,0,0,0
1,1,0,0,0
1,1,0,0,0
1,1,0,0,0
1,1,0,0,0
1,1,0,0,0
1,1,0,0,0
0,1,0,0,0
0,1,0,0,0
0,1,0,0,0
0,1,0,0,0
0,1,0,0,0
0,1,0,0,0
0,1,0,0,0
0,1,0,0,0
0,1,0,0,0
0,1,0,0,0
0,1,0,0,0
0,1,0,0,0
0,1,0,0,0
0,1,0,0,0
0,1,0,0,0
0,1,0,0,0
0,1,0,0,0
0,1,0,0,0
0,1,0,0,0
0,1,0,0,0
0,1,0,0,0
0,1,0,0,0
0,1,0,0,0
0,1,0,0,0
0,1,0,0,0
0,1,0,0,0
0,1,0,0,0
0,1,0,0,0
0,1,0,0,0
0,1,0,0,0
0,1,0,0,0
0,1,0,0,0
0,1,0,0,0
0,1,0,0,0
0,1,0,0,0
0,1,0,0,0
0,1,0,0,0
0,1,0,0,0
0,1,0,0,0
0,1,0,0,0
0,1,0,0,0
0,1,0,0,0
0,1,0,0,0
0,1,0,0,0
0,1,0,0,0
0,1,0,0,0
0,1,0,0,0
0,1,0,0,0
0,1,0,0,0
0,1,0,0,0
0,1,0,0,0
0,1,0,0,0
0,1,0,0,0
0,1,0,0,0
0,1,0,0,0
0,1,0,0,0
0,1,0,0,0
0,1,0,0,0
0,1,0,0,0
0,1,0,0,0
0,1,0,0,0
0,1,0,0,0
0,1,0,0,0
0,1,0,0,0
0,1,0,0,0
0,1,0,0,0
0,1,0,0,0
0,1,0,0,0
0,1,0,0,0
0,1,0,0,0
0,1,0,0,0
0,1,0,0,0
0,1,0,0,0
0,1,0,0,0
0,1,0,0,0
0,1,0,0,0
0,1,0,0,0
0,1,0,0,0
0,1,0,0,0
0,1,0,0,0
0,1,0,0,0
0,1,0,0,0
0,1,0,0,0
0,1,0,0,0
0,1,0,0,0
0,1,0,0,0
0,1,0,0,0
0,1,0,0,0
0,1,0,0,0
0,1,0,0,0
0,1,0,0,0
0,1,0,0,0
0,1,0,0,0
0,1,0,0,0
0,1,0,0,0
0,1,0,0,0
0,1,0,0,0
0,1,0,0,0
0,1,0,0,0
0,1,0,0,0
0,1,0,0,0
0,1,0,0,0
0,1,0,0,0
0,1,0,0,0
0,1,0,0,0
0,1,0,0,0
0,1,0,0,0
0,1,0,0,0
0,1,0,0,0
0,1,0,0,0
0,1,0,0,0
0,1,0,0,0
0,1,0,0,0
0,1,0,0,0
0,1,0,0,0
0,1,0,0,0
0,1,0,0,0
0,1,0,0,0
0,1,0,0,0
0,1,0,0,0
0,1,0,0,0
0,1,0,0,0
0,1,0,0,0
0,1,0,0,0
0,1,0,0,0
0,1,0,0,0
0,1,0,0,0
0,1,0,0,0
0,1,0,0,0
0,1,0,0,0
0,1,0,0,0
0,1,0,0,0
0,1,0,0,0
0,1,0,0,0
0,1,0,0,0
0,1,0,0,0
0,1,0,0,0
0,1,0,0,0
0,1,0,0,0
0,1,0,0,0
0,1,0,0,0
0,1,0,0,0
0,1,0,0,0
0,1,0,0,0
0,1,0,0,0
0,1,0,0,0
0,1,0,0,0
0,1,0,0,0
0,1,0,0,0
0,1,0,0,0
0,1,0,0,0
0,1,0,0,0
0,1,0,0,0
0,1,0,0,0
0,1,0,0,0
0,1,0,0,0
0,1,0,0,0
0,1,0,0,0
0,1,0,0,0
0,1,0,0,0
0,1,0,0,0
0,1,0,0,0
0,1,0,0,0
0,1,0,0,0
0,1,0,0,0
0,1,0,0,0
0,1,0,0,0
0,1,0,0,0
0,1,0,0,0
0,1,0,0,0
0,1,0,0,0
0,1,0,0,0
0,1,0,0,0
0,1,0,0,0
0,1,0,0,0
0,1,0,0,0
0,1,0,0,0
0,1,0,0,0
0,1,0,0,0
0,1,0,0,0
0,1,0,0,0
0,1,0,0,0
0,1,0,0,0
0,1,0,0,0
0,1,0,0,0
0,1,0,0,0
0,1,0,0,0
0,1,0,0,0
0,1,0,0,0
0,1,0,0,0
0,1,0,0,0
0,1,0,0,0
0,1,0,0,0
0,1,0,0,0
0,1,0,0,0
0,1,0,0,0
0,1,0,0,0
0,1,0,0,0
0,1,0,0,0
0,1,0,0,0
0,1,0,0,0
0,1,0,0,0
0,1,0,0,0
0,1,0,0,0
0,1,0,0,0
0,1,0,0,0
0,1,0,0,0
0,1,0,0,0
0,1,0,0,0
0,1,0,0,0
0,1,0,0,0
0,1,0,0,0
0,1,0,0,0
0,1,0,0,0
0,1,0,0,0
0,1,0,0,0
0,1,0,0,0
0,1,0,0,0
0,1,0,0,0
0,1,0,0,0
0,1,0,0,0
0,1,0,0,0
0,1,0,0,0
0,1,0,0,0
0,1,0,0,0
0,1,0,0,0
0,1,0,0,0
0,1,0,0,0
0,1,0,0,0
0,1,0,0,0
0,1,0,0,0
0,1,0,0,0
0,1,0,0,0
0,1,0,0,0
0,1,0,0,0
0,1,0,0,0
0,1,0,0,0
0,1,0,0,0
0,1,0,0,0
0,1,0,0,0
0,1,0,0,0
0,1,0,0,0
0,1,0,0,0
0,1,0,0,0
0,1,0,0,0
0,1,0,0,0
0,1,0,0,0
0,1,0,0,0
0,1,0,0,0
0,1,0,0,0
0,1,0,0,0
0,1,0,0,0
0,1,0,0,0
0,1,0,0,0
0,1,0,0,0
0,1,0,0,0
0,1,0,0,0
0,1,0,0,0
0,1,0,0,0
0,1,0,0,0
0,1,0,0,0
0,1,0,0,0
0,1,0,0,0
0,1,0,0,0
0,1,0,0,0
0,1,0,0,0
0,1,0,0,0
0,1,0,0,0
0,1,0,0,0
0,1,0,0,0
0,1,0,0,0
0,1,0,0,0
0,1,0,0,0
0,1,0,0,0
0,1,0,0,0
0,1,0,0,0
0,1,0,0,0
0,1,0,0,0
0,1,0,0,0
0,1,0,0,0
0,1,0,0,0
0,1,0,0,0
0,1,0,0,0
0,1,0,0,0
0,1,0,0,0
0,1,0,0,0
0,1,0,0,0
0,1,0,0,0
0,1,0,0,0
0,1,0,0,0
0,1,0,0,0
0,1,0,0,0
0,1,0,0,0
0,1,0,0,0
0,1,0,0,0
0,1,0,0,0
0,1,0,0,0
0,1,0,0,0
0,1,0,0,0
0,1,0,0,0
0,1,0,0,0
0,1,0,0,0
0,1,0,0,0
0,1,0,0,0
0,1,0,0,0
0,1,0,0,0
0,1,0,0,0
0,1,0,0,0
0,1,0,0,0
0,1,0,0,0
0,1,0,0,0
0,1,0,0,0
0,1,0,0,0
0,1,0,0,0
0,1,0,0,0
0,1,0,0,0
0,1,0,0,0
0,1,0,0,0
0,1,0,0,0
0,1,0,0,0
0,1,0,0,0
0,1,0,0,0
0,1,0,0,0
0,1,0,0,0
0,1,0,0,0
0,1,0,0,0
0,1,0,0,0
0,1,0,0,0
0,1,0,0,0
0,1,0,0,0
0,1,0,0,0
0,1,0,0,0
0,1,0,0,0
0,1,0,0,0
0,1,0,0,0
0,1,0,0,0
0,1,0,0,0
0,1,0,0,0
0,1,0,0,0
0,1,0,0,0
0,1,0,0,0
0,1,0,0,0
0,1,0,0,0
0,1,0,0,0
0,1,0,0,0
0,1,0,0,0
0,1,0,0,0
0,1,0,0,0
0,1,0,0,0
0,1,0,0,0
0,1,0,0,0
0,1,0,0,0
0,1,0,0,0
0,1,0,0,0
0,1,0,0,0
0,1,0,0,0
0,1,0,0,0
0,1,0,0,0
0,1,0,0,0
0,1,0,0,0
0,1,0,0,0
0,1,0,0,0
0,1,0,0,0
0,1,0,0,0
0,1,0,0,0
0,1,0,0,0
0,1,0,0,0
0,1,0,0,0
0,1,0,0,0
0,1,0,0,0
0,1,0,0,0
0,1,0,0,0
0,1,0,0,0
0,1,0,0,0
0,1,0,0,0
0,1,0,0,0
0,1,0,0,0
0,1,0,0,0
0,1,0,0,0
0,1,0,0,0
0,1,0,0,0
0,1,0,0,0
0,1,0,0,0
0,1,0,0,0
0,1,0,0,0
0,1,0,0,0
0,1,0,0,0
0,1,0,0,0
0,1,0,0,0
0,1,0,0,0
0,1,0,0,0
0,1,0,0,0
0,1,0,0,0
0,1,0,0,0
0,1,0,0,0
0,1,0,0,0
0,1,0,0,0
0,1,0,0,0
0,1,0,0,0
0,1,0,0,0
0,1,0,0,0
0,1,0,0,0
0,1,0,0,0
0,1,0,0,0
0,1,0,0,0
0,1,0,0,0
0,1,0,0,0
0,1,0,0,0
0,1,0,0,0
0,1,0,0,0
0,1,0,0,0
0,1,0,0,0
0,1,0,0,0
0,1,0,0,0
0,1,0,0,0
0,1,0,0,0
0,1,0,0,0
0,1,0,0,0
0,1,0,0,0
0,1,0,0,0
0,1,0,0,0
0,1,0,0,0
0,1,0,0,0
0,1,0,0,0
0,1,0,0,0
0,1,0,0,0
0,1,0,0,0
0,1,0,0,0
0,1,0,0,0
0,1,0,0,0
0,1,0,0,0
0,1,0,0,0
0,1,0,0,0
0,1,0,0,0
0,1,0,0,0
0,1,0,0,0
0,1,0,0,0
0,1,0,0,0
0,1,0,0,0
0,1,0,0,0
0,1,0,0,0
0,1,0,0,0
0,1,0,0,0
0,1,0,0,0
0,1,0,0,0
0,1,0,0,0
0,1,0,0,0
0,1,0,0,0
0,1,0,0,0
0,1,0,0,0
0,1,0,0,0
0,1,0,0,0
0,1,0,0,0
0,1,0,0,0
0,1,0,0,0
0,1,0,0,0
0,1,0,0,0
0,1,0,0,0
0,1,0,0,0
0,1,0,0,0
0,1,0,0,0
0,1,0,0,0
0,1,0,0,0
0,1,0,0,0
0,1,0,0,0
0,1,0,0,0
0,1,0,0,0
0,1,0,0,0
0,1,0,0,0
0,1,0,0,0
0,1,0,0,0
0,1,0,0,0
0,1,0,0,0
0,1,0,0,0
0,1,0,0,0
0,1,0,0,0
0,1,0,0,0
0,1,0,0,0
0,1,0,0,0
0,1,0,0,0
0,1,0,0,0
0,1,0,0,0
0,1,0,0,0
0,1,0,0,0
0,1,0,0,0
0,1,0,0,0
0,1,0,0,0
0,1,0,0,0
0,1,0,0,0
0,1,0,0,0
0,1,0,0,0
0,1,0,0,0
0,1,0,0,0
0,1,0,0,0
0,1,0,0,0
0,1,0,0,0
0,1,0,0,0
0,1,0,0,0
0,1,0,0,0
0,1,0,0,0
