<?xml version="1.0" encoding="UTF-8"?>
<GenRun Id="impl_1" LaunchPart="xcku5p-ffvb676-2-e" LaunchTime="1719239884">
  <File Type="ROUTE-PWR" Name="pFREYA_DAQ_power_routed.rpt"/>
  <File Type="PA-TCL" Name="pFREYA_DAQ.tcl"/>
  <File Type="ROUTE-PWR-SUM" Name="pFREYA_DAQ_power_summary_routed.pb"/>
  <File Type="REPORTS-TCL" Name="pFREYA_DAQ_reports.tcl"/>
  <File Type="BITSTR-MSK" Name="pFREYA_DAQ.msk"/>
  <File Type="ROUTE-CLK" Name="pFREYA_DAQ_clock_utilization_routed.rpt"/>
  <File Type="RDI-RDI" Name="pFREYA_DAQ.vdi"/>
  <File Type="POSTROUTE-PHYSOPT-BUS-SKEW-PB" Name="pFREYA_DAQ_bus_skew_postroute_physopted.pb"/>
  <File Type="BG-BIT" Name="pFREYA_DAQ.bit"/>
  <File Type="BG-DRC" Name="pFREYA_DAQ.drc"/>
  <File Type="BG-BGN" Name="pFREYA_DAQ.bgn"/>
  <File Type="BG-BIN" Name="pFREYA_DAQ.bin"/>
  <File Type="BITSTR-RBT" Name="pFREYA_DAQ.rbt"/>
  <File Type="BITSTR-NKY" Name="pFREYA_DAQ.nky"/>
  <File Type="BITSTR-BMM" Name="pFREYA_DAQ_bd.bmm"/>
  <File Type="BITSTR-MMI" Name="pFREYA_DAQ.mmi"/>
  <File Type="ROUTE-METHODOLOGY-DRC" Name="pFREYA_DAQ_methodology_drc_routed.rpt"/>
  <File Type="BITSTR-SYSDEF" Name="pFREYA_DAQ.sysdef"/>
  <File Type="ROUTE-METHODOLOGY-DRC-PB" Name="pFREYA_DAQ_methodology_drc_routed.pb"/>
  <File Type="BITSTR-LTX" Name="debug_nets.ltx"/>
  <File Type="BITSTR-LTX" Name="pFREYA_DAQ.ltx"/>
  <File Type="BOOT-PDI-FILE" Name="pFREYA_DAQ_boot.pdi"/>
  <File Type="WBT-USG" Name="usage_statistics_webtalk.html"/>
  <File Type="NPI_FILE" Name="pFREYA_DAQ.npi"/>
  <File Type="OPT-DRC" Name="pFREYA_DAQ_drc_opted.rpt"/>
  <File Type="RBD_FILE" Name="pFREYA_DAQ.rbd"/>
  <File Type="OPT-HWDEF" Name="pFREYA_DAQ.hwdef"/>
  <File Type="PLACE-IO" Name="pFREYA_DAQ_io_placed.rpt"/>
  <File Type="PLACE-UTIL" Name="pFREYA_DAQ_utilization_placed.rpt"/>
  <File Type="PLACE-UTIL-PB" Name="pFREYA_DAQ_utilization_placed.pb"/>
  <File Type="PLACE-CTRL" Name="pFREYA_DAQ_control_sets_placed.rpt"/>
  <File Type="PLACE-PRE-SIMILARITY" Name="pFREYA_DAQ_incremental_reuse_pre_placed.rpt"/>
  <File Type="ROUTE-DRC" Name="pFREYA_DAQ_drc_routed.rpt"/>
  <File Type="ROUTE-DRC-PB" Name="pFREYA_DAQ_drc_routed.pb"/>
  <File Type="ROUTE-PWR-RPX" Name="pFREYA_DAQ_power_routed.rpx"/>
  <File Type="ROUTE-STATUS" Name="pFREYA_DAQ_route_status.rpt"/>
  <File Type="ROUTE-STATUS-PB" Name="pFREYA_DAQ_route_status.pb"/>
  <File Type="ROUTE-DCP" Name="pFREYA_DAQ_routed.dcp"/>
  <File Type="ROUTE-ERROR-DCP" Name="pFREYA_DAQ_routed_error.dcp"/>
  <File Type="ROUTE-BLACKBOX-DCP" Name="pFREYA_DAQ_routed_bb.dcp"/>
  <File Type="ROUTE-TIMINGSUMMARY" Name="pFREYA_DAQ_timing_summary_routed.rpt"/>
  <File Type="ROUTE-TIMING-PB" Name="pFREYA_DAQ_timing_summary_routed.pb"/>
  <File Type="ROUTE-TIMING-RPX" Name="pFREYA_DAQ_timing_summary_routed.rpx"/>
  <File Type="ROUTE-SIMILARITY" Name="pFREYA_DAQ_incremental_reuse_routed.rpt"/>
  <File Type="ROUTE-BUS-SKEW" Name="pFREYA_DAQ_bus_skew_routed.rpt"/>
  <File Type="ROUTE-BUS-SKEW-PB" Name="pFREYA_DAQ_bus_skew_routed.pb"/>
  <File Type="ROUTE-BUS-SKEW-RPX" Name="pFREYA_DAQ_bus_skew_routed.rpx"/>
  <File Type="OPT-DCP" Name="pFREYA_DAQ_opt.dcp"/>
  <File Type="PLACE-DCP" Name="pFREYA_DAQ_placed.dcp"/>
  <File Type="PWROPT-DCP" Name="pFREYA_DAQ_pwropt.dcp"/>
  <File Type="POSTPLACE-PWROPT-DCP" Name="pFREYA_DAQ_postplace_pwropt.dcp"/>
  <File Type="PHYSOPT-DCP" Name="pFREYA_DAQ_physopt.dcp"/>
  <File Type="POSTROUTE-PHYSOPT-DCP" Name="pFREYA_DAQ_postroute_physopt.dcp"/>
  <File Type="POSTROUTE-PHYSOPT-BLACKBOX-DCP" Name="pFREYA_DAQ_postroute_physopt_bb.dcp"/>
  <File Type="POSTROUTE-PHYSOPT-TIMING" Name="pFREYA_DAQ_timing_summary_postroute_physopted.rpt"/>
  <File Type="POSTROUTE-PHYSOPT-TIMING-PB" Name="pFREYA_DAQ_timing_summary_postroute_physopted.pb"/>
  <File Type="POSTROUTE-PHYSOPT-TIMING-RPX" Name="pFREYA_DAQ_timing_summary_postroute_physopted.rpx"/>
  <File Type="POSTROUTE-PHYSOPT-BUS-SKEW" Name="pFREYA_DAQ_bus_skew_postroute_physopted.rpt"/>
  <File Type="POSTROUTE-PHYSOPT-BUS-SKEW-RPX" Name="pFREYA_DAQ_bus_skew_postroute_physopted.rpx"/>
  <File Type="ROUTE-DRC-RPX" Name="pFREYA_DAQ_drc_routed.rpx"/>
  <File Type="ROUTE-METHODOLOGY-DRC-RPX" Name="pFREYA_DAQ_methodology_drc_routed.rpx"/>
  <File Type="PDI-FILE" Name="pFREYA_DAQ.pdi"/>
  <File Type="PL-PDI-FILE" Name="pFREYA_DAQ_pld.pdi"/>
  <File Type="RCFI_FILE" Name="pFREYA_DAQ.rcfi"/>
  <File Type="CFI_FILE" Name="pFREYA_DAQ.cfi"/>
  <File Type="RNPI_FILE" Name="pFREYA_DAQ.rnpi"/>
  <File Type="ROUTE-RQS" Name="pFREYA_DAQ_routed.rqs"/>
  <File Type="POSTROUTE-PHYSOPT-RQS" Name="pFREYA_DAQ_postroute_physopted.rqs"/>
  <File Type="ROUTE-RQS-RPT" Name="route_report_qor_suggestions_0.rpt"/>
  <File Type="POSTROUTE-PHYSOPT-RQS-RPT" Name="postroute_physopt_report_qor_suggestions_0.rpt"/>
  <FileSet Name="sources" Type="DesignSrcs" RelSrcDir="$PSRCDIR/sources_1" RelGenDir="$PGENDIR/sources_1">
    <Filter Type="Srcs"/>
    <File Path="$PSRCDIR/sources_1/new/uart_IF.v">
      <FileInfo>
        <Attr Name="UsedIn" Val="synthesis"/>
        <Attr Name="UsedIn" Val="implementation"/>
        <Attr Name="UsedIn" Val="simulation"/>
      </FileInfo>
    </File>
    <File Path="$PSRCDIR/sources_1/new/uart_rx.v">
      <FileInfo>
        <Attr Name="UsedIn" Val="synthesis"/>
        <Attr Name="UsedIn" Val="implementation"/>
        <Attr Name="UsedIn" Val="simulation"/>
      </FileInfo>
    </File>
    <File Path="$PSRCDIR/sources_1/new/uart_tx.v">
      <FileInfo>
        <Attr Name="UsedIn" Val="synthesis"/>
        <Attr Name="UsedIn" Val="implementation"/>
        <Attr Name="UsedIn" Val="simulation"/>
      </FileInfo>
    </File>
    <File Path="$PSRCDIR/sources_1/new/pFREYA_defs.sv">
      <FileInfo>
        <Attr Name="UsedIn" Val="synthesis"/>
        <Attr Name="UsedIn" Val="implementation"/>
        <Attr Name="UsedIn" Val="simulation"/>
      </FileInfo>
    </File>
    <File Path="$PSRCDIR/sources_1/new/pFREYA_IF.sv">
      <FileInfo>
        <Attr Name="UsedIn" Val="synthesis"/>
        <Attr Name="UsedIn" Val="implementation"/>
        <Attr Name="UsedIn" Val="simulation"/>
      </FileInfo>
    </File>
    <File Path="$PSRCDIR/sources_1/new/pFREYA_DAQ.sv">
      <FileInfo>
        <Attr Name="UsedIn" Val="synthesis"/>
        <Attr Name="UsedIn" Val="implementation"/>
        <Attr Name="UsedIn" Val="simulation"/>
      </FileInfo>
    </File>
    <File Path="$PSRCDIR/sources_1/new/pFREYA_defs_uart_exposed.sv">
      <FileInfo>
        <Attr Name="AutoDisabled" Val="1"/>
        <Attr Name="UsedIn" Val="synthesis"/>
        <Attr Name="UsedIn" Val="implementation"/>
        <Attr Name="UsedIn" Val="simulation"/>
      </FileInfo>
    </File>
    <File Path="$PSRCDIR/sources_1/new/pFREYA_IF_uart_exposed.sv">
      <FileInfo>
        <Attr Name="AutoDisabled" Val="1"/>
        <Attr Name="UsedIn" Val="synthesis"/>
        <Attr Name="UsedIn" Val="implementation"/>
        <Attr Name="UsedIn" Val="simulation"/>
      </FileInfo>
    </File>
    <File Path="$PSRCDIR/sources_1/new/pFREYA_DAQ_uart_exposed.sv">
      <FileInfo>
        <Attr Name="AutoDisabled" Val="1"/>
        <Attr Name="UsedIn" Val="synthesis"/>
        <Attr Name="UsedIn" Val="implementation"/>
        <Attr Name="UsedIn" Val="simulation"/>
      </FileInfo>
    </File>
    <Config>
      <Option Name="DesignMode" Val="RTL"/>
      <Option Name="TopModule" Val="pFREYA_DAQ"/>
    </Config>
  </FileSet>
  <FileSet Name="constrs_in" Type="Constrs" RelSrcDir="$PSRCDIR/constrs_1" RelGenDir="$PGENDIR/constrs_1">
    <Filter Type="Constrs"/>
    <File Path="$PSRCDIR/constrs_1/new/pFREYA_DAQ_constrs.xdc">
      <FileInfo>
        <Attr Name="UsedIn" Val="synthesis"/>
        <Attr Name="UsedIn" Val="implementation"/>
      </FileInfo>
    </File>
    <Config>
      <Option Name="TargetConstrsFile" Val="$PSRCDIR/constrs_1/new/pFREYA_DAQ_constrs.xdc"/>
      <Option Name="ConstrsType" Val="XDC"/>
    </Config>
  </FileSet>
  <FileSet Name="utils" Type="Utils" RelSrcDir="$PSRCDIR/utils_1" RelGenDir="$PGENDIR/utils_1">
    <Filter Type="Utils"/>
    <File Path="$PSRCDIR/utils_1/imports/synth_1/pFREYA_IF.dcp">
      <FileInfo>
        <Attr Name="UsedIn" Val="synthesis"/>
        <Attr Name="UsedIn" Val="implementation"/>
        <Attr Name="UsedInSteps" Val="synth_1"/>
        <Attr Name="AutoDcp" Val="1"/>
      </FileInfo>
    </File>
    <Config>
      <Option Name="TopAutoSet" Val="TRUE"/>
    </Config>
  </FileSet>
  <Strategy Version="1" Minor="2">
    <StratHandle Name="Vivado Implementation Defaults" Flow="Vivado Implementation 2022"/>
    <Step Id="init_design"/>
    <Step Id="opt_design"/>
    <Step Id="power_opt_design"/>
    <Step Id="place_design"/>
    <Step Id="post_place_power_opt_design"/>
    <Step Id="phys_opt_design"/>
    <Step Id="route_design"/>
    <Step Id="post_route_phys_opt_design"/>
    <Step Id="write_bitstream"/>
    <Step Id="write_device_image"/>
  </Strategy>
  <BlockFileSet Type="BlockSrcs" Name="clk_wiz_clocks"/>
  <BlockFileSet Type="BlockSrcs" Name="ila_probes"/>
</GenRun>
